gap,spec_group,claim_type,claim_count
0,a,v1,7243
0,a,v2,5594
0,a,v3,14804
0,a,v4,8835
0,a,v5,9541
0,a,v6,164
0,a,v7,2870
0,a,v8,1734
0,b,v6,241
0,b,v4,11249
0,b,v5,1510
0,c,v6,3686
0,c,v4,13762
0,c,v5,13690
0,d,v4,7592
0,d,v5,10410
0,d,v7,13841
0,d,v3,4423
0,e,v4,9984
0,e,v1,11404
0,e,v3,2179
0,e,v5,9458
0,e,v6,2829
0,f,v4,2595
0,f,v8,13928
0,f,v6,229
0,f,v3,10803
0,f,v5,12212
0,g,v4,4149
0,g,v5,5771
0,h,v5,14450
0,h,v7,9832
0,h,v6,3061
0,h,v4,2056
0,h,v1,12679
0,i,v2,7157
0,i,v4,942
0,i,v1,12045
0,i,v5,11136
0,i,v7,3330
0,i,v3,14134
0,j,v4,7105
0,j,v2,102
0,j,v6,571
0,j,v5,11701
0,j,v1,9471
0,k,v7,7562
0,k,v4,1234
0,k,v5,3507
0,k,v1,4003
0,k,v3,13405
0,k,v6,12531
1,a,v9,5027
1,a,v1,9174
1,a,v4,10245
1,a,v5,9878
1,a,v3,14054
1,b,v6,8449
1,b,v9,14475
1,b,v4,5198
1,b,v5,5579
1,b,v3,695
1,c,v6,11695
1,c,v5,7829
1,c,v4,10022
1,d,v5,10032
1,d,v3,11639
1,d,v4,1839
1,e,v1,3305
1,e,v6,61
1,e,v4,2336
1,e,v5,5134
1,e,v3,11025
1,f,v3,2054
1,f,v5,12529
1,f,v6,12314
1,f,v4,8691
1,f,v8,628
1,g,v4,9124
1,g,v3,7475
1,g,v5,8458
1,h,v3,5885
1,h,v4,7447
1,h,v1,6065
1,h,v5,12539
1,h,v9,9594
1,h,v7,3638
1,i,v5,8400
1,i,v6,6847
1,i,v1,5379
1,i,v4,12844
1,i,v3,7836
1,j,v6,10759
1,j,v1,11720
1,j,v4,6617
1,j,v5,3425
1,j,v2,8836
1,k,v5,12501
1,k,v9,3621
1,k,v4,4188
1,k,v8,3233
1,k,v6,13268
1,k,v1,2987
1,k,v7,7002
1,k,v3,8878
2,a,v9,3347
2,a,v1,3097
2,a,v3,13310
2,a,v5,8842
2,a,v7,791
2,a,v4,533
2,b,v5,8353
2,b,v4,14482
2,b,v1,6326
2,b,v6,4657
2,b,v3,6046
2,c,v5,3950
2,c,v4,7461
2,c,v3,1154
2,d,v5,6531
2,d,v4,11402
2,d,v3,2830
2,e,v4,2460
2,e,v5,7045
2,e,v3,10875
2,e,v1,4390
2,e,v6,5522
2,e,v9,14744
2,f,v6,3313
2,f,v3,11348
2,f,v4,3296
2,f,v5,5544
2,g,v7,5997
2,g,v9,1467
2,g,v5,4026
2,g,v3,617
2,g,v4,2629
2,g,v1,8692
2,h,v5,13031
2,h,v4,13602
2,h,v3,4356
2,h,v7,11536
2,i,v1,6258
2,i,v4,5247
2,i,v3,4796
2,i,v6,11560
2,i,v5,7237
2,j,v5,7341
2,j,v4,8293
2,j,v1,9321
2,k,v3,361
2,k,v7,8838
2,k,v1,10959
2,k,v4,14932
2,k,v9,3104
2,k,v5,765
2,k,v6,14518
3,a,v6,13005
3,a,v9,3214
3,a,v4,7328
3,a,v7,325
3,a,v5,1097
3,a,v3,7399
3,a,v1,8476
3,b,v3,942
3,b,v7,3201
3,b,v6,1089
3,b,v5,4390
3,b,v4,6281
3,b,v1,13720
3,c,v3,11649
3,c,v1,14262
3,c,v4,14771
3,c,v5,13434
3,c,v6,1295
3,d,v3,4396
3,d,v4,1281
3,d,v5,12601
3,e,v5,14994
3,e,v6,1846
3,e,v7,11759
3,e,v4,6533
3,e,v1,13893
3,f,v4,7951
3,f,v3,1189
3,f,v6,2121
3,f,v5,9424
3,g,v5,9161
3,g,v9,2514
3,g,v4,178
3,g,v3,1326
3,g,v1,9391
3,h,v7,9414
3,h,v4,2156
3,h,v5,4217
3,h,v1,306
3,i,v6,2192
3,i,v3,13469
3,i,v5,613
3,i,v1,4290
3,i,v4,6567
3,j,v4,11330
3,j,v5,4434
3,j,v1,5953
3,j,v3,14250
3,k,v5,1619
3,k,v3,13603
3,k,v9,7154
3,k,v4,9219
3,k,v1,3238
3,k,v6,12761
3,k,v7,4341
4,a,v5,4318
4,a,v3,11649
4,a,v6,2518
4,a,v1,14556
4,a,v4,14680
4,b,v5,3051
4,b,v3,3251
4,b,v6,2275
4,b,v4,12248
4,c,v4,8786
4,c,v3,451
4,c,v5,12713
4,d,v5,4764
4,d,v3,14454
4,d,v4,3992
4,d,v6,13829
4,e,v1,3475
4,e,v7,4322
4,e,v4,13753
4,e,v5,9926
4,e,v6,15000
4,f,v4,923
4,f,v6,9338
4,f,v5,1211
4,f,v3,2079
4,g,v4,11759
4,g,v1,5932
4,g,v3,10260
4,g,v5,10705
4,h,v7,5919
4,h,v5,11142
4,h,v4,12382
4,h,v3,9656
4,i,v6,5193
4,i,v3,6210
4,i,v5,14392
4,i,v1,14900
4,i,v4,9153
4,j,v4,14790
4,j,v1,3486
4,k,v6,1782
4,k,v5,4545
4,k,v1,214
4,k,v9,5701
4,k,v3,12230
4,k,v4,11907
4,k,v7,8888
5,a,v6,1395
5,a,v4,10094
5,a,v5,9762
5,a,v3,12072
5,a,v1,2007
5,b,v4,7653
5,b,v1,14395
5,b,v6,7238
5,b,v7,14373
5,b,v3,6653
5,b,v5,2490
5,c,v6,11535
5,c,v4,12877
5,c,v3,6373
5,c,v8,2085
5,c,v5,4243
5,d,v4,235
5,d,v5,9052
5,d,v6,135
5,d,v1,5418
5,d,v3,11988
5,e,v6,1634
5,e,v1,11764
5,e,v5,11312
5,e,v4,6981
5,f,v5,1430
5,f,v3,11835
5,f,v4,14046
5,f,v6,1062
5,g,v6,8114
5,g,v1,4626
5,g,v4,13644
5,g,v5,5420
5,g,v3,13841
5,h,v3,9167
5,h,v4,10314
5,h,v7,13664
5,h,v5,3549
5,i,v6,12373
5,i,v4,6577
5,i,v5,12176
5,i,v1,14632
5,j,v5,11278
5,j,v4,587
5,j,v3,1562
5,k,v3,3913
5,k,v6,8248
5,k,v1,635
5,k,v5,3468
5,k,v9,11033
5,k,v4,2302
5,k,v7,653
6,a,v6,2910
6,a,v1,8769
6,a,v4,1319
6,a,v3,5667
6,a,v5,1843
6,b,v4,5635
6,b,v5,11438
6,b,v6,9094
6,b,v3,609
6,c,v4,12225
6,c,v3,7012
6,c,v6,14315
6,c,v5,11795
6,d,v5,12027
6,d,v3,8244
6,d,v1,8287
6,d,v4,5647
6,e,v5,13984
6,e,v1,11784
6,e,v3,1072
6,e,v4,4902
6,e,v6,4326
6,f,v6,11164
6,f,v4,7714
6,f,v5,8907
6,g,v5,3566
6,g,v1,4088
6,g,v4,12109
6,g,v3,4087
6,h,v7,9694
6,h,v4,8115
6,h,v3,1442
6,h,v5,7149
6,i,v4,14761
6,i,v6,8965
6,i,v5,10035
6,i,v3,5343
6,i,v1,4084
6,k,v6,3553
6,k,v1,8015
6,k,v9,11889
6,k,v3,9390
6,k,v5,9567
6,k,v4,1868
6,k,v7,8106
7,a,v5,1538
7,a,v3,11692
7,a,v6,13212
7,a,v1,2379
7,a,v4,10332
7,b,v6,2228
7,b,v3,8207
7,b,v4,6509
7,b,v5,8832
7,b,v1,7854
7,c,v8,3700
7,c,v4,13904
7,c,v3,1287
7,c,v1,4813
7,c,v5,6057
7,c,v6,4137
7,d,v5,12740
7,d,v3,6094
7,d,v6,14245
7,d,v4,9720
7,d,v1,1600
7,e,v4,12222
7,e,v3,303
7,e,v5,6328
7,e,v6,3389
7,e,v1,6913
7,f,v4,4967
7,f,v3,9751
7,f,v6,13118
7,f,v5,9293
7,g,v5,10236
7,g,v4,14535
7,g,v3,14421
7,g,v1,11251
7,h,v5,7893
7,h,v1,13709
7,h,v4,629
7,h,v7,1100
7,h,v3,8279
7,i,v1,14350
7,i,v4,448
7,i,v6,10143
7,i,v5,10360
7,i,v3,2605
7,j,v3,2617
7,j,v2,12191
7,j,v5,12246
7,j,v6,7154
7,j,v4,3095
7,k,v5,13342
7,k,v9,9783
7,k,v1,11666
7,k,v8,9276
7,k,v6,5065
7,k,v7,671
7,k,v4,5957
7,k,v3,9990
8,a,v5,13752
8,a,v6,4913
8,a,v3,10462
8,a,v4,4153
8,a,v7,1644
8,a,v1,12603
8,b,v3,10192
8,b,v1,3597
8,b,v4,1909
8,b,v6,10332
8,b,v5,2312
8,c,v3,5770
8,c,v6,8974
8,c,v4,14098
8,c,v5,11977
8,d,v4,3707
8,d,v3,6505
8,d,v5,1076
8,e,v4,11577
8,e,v3,11438
8,e,v1,6436
8,e,v6,4663
8,e,v5,8043
8,f,v4,1466
8,f,v5,1910
8,f,v6,2258
8,g,v1,14383
8,g,v4,98
8,g,v5,10
8,g,v6,13472
8,g,v3,13779
8,h,v1,2029
8,h,v7,5921
8,h,v4,9348
8,h,v5,12068
8,h,v3,10746
8,h,v6,8826
8,i,v4,209
8,i,v3,14544
8,i,v1,7351
8,i,v6,9438
8,i,v5,13419
8,j,v3,8225
8,j,v6,2668
8,j,v2,3734
8,j,v1,9411
8,j,v5,7692
8,j,v4,7900
8,k,v1,9261
8,k,v6,9634
8,k,v5,11753
8,k,v9,9045
8,k,v3,517
8,k,v4,12083
8,k,v7,7499
9,a,v7,12718
9,a,v4,9859
9,a,v3,12391
9,a,v1,1222
9,a,v5,2362
9,a,v6,14599
9,b,v4,9715
9,b,v5,9103
9,b,v1,3631
9,b,v7,13982
9,b,v3,12011
9,b,v6,13246
9,c,v1,13577
9,c,v5,2470
9,c,v6,8495
9,c,v3,6709
9,c,v4,2580
9,d,v3,2662
9,d,v1,327
9,d,v4,12245
9,d,v5,1179
9,e,v4,10117
9,e,v6,8920
9,e,v1,12489
9,e,v7,5078
9,e,v5,1300
9,e,v3,737
9,f,v6,12477
9,f,v4,9452
9,f,v5,5992
9,g,v1,8427
9,g,v4,3087
9,g,v5,1726
9,g,v3,812
9,h,v5,6197
9,h,v7,11946
9,h,v1,6254
9,h,v4,1394
9,h,v3,8734
9,i,v3,3193
9,i,v1,13298
9,i,v6,2219
9,i,v7,14256
9,i,v4,13973
9,i,v5,14410
9,j,v3,14745
9,j,v5,5968
9,k,v8,5429
9,k,v4,5139
9,k,v5,8953
9,k,v3,6975
9,k,v6,383
9,k,v7,4712
9,k,v1,6178
9,k,v9,5092
10,a,v5,8514
10,a,v6,9827
10,a,v1,4282
10,a,v3,752
10,a,v4,716
10,b,v5,4886
10,b,v6,13984
10,b,v3,10132
10,b,v1,12500
10,b,v4,9315
10,c,v6,8980
10,c,v1,442
10,c,v5,7109
10,c,v3,2555
10,c,v4,8774
10,d,v6,9341
10,d,v3,7675
10,d,v5,10696
10,d,v4,114
10,d,v1,11318
10,e,v1,2704
10,e,v6,7275
10,e,v4,4000
10,e,v5,3239
10,f,v4,696
10,f,v3,12685
10,f,v6,9861
10,f,v5,6894
10,g,v3,3861
10,g,v1,3920
10,g,v4,6045
10,g,v5,12716
10,g,v6,11222
10,h,v5,13594
10,h,v3,10311
10,h,v4,10599
10,h,v7,11023
10,i,v1,1481
10,i,v4,9112
10,i,v5,8145
10,i,v3,8506
10,i,v6,4617
10,j,v4,13771
10,j,v6,1898
10,j,v3,1600
10,j,v5,4972
10,k,v4,1501
10,k,v7,14634
10,k,v3,12888
10,k,v5,8037
10,k,v1,6200
10,k,v6,1240
10,k,v8,3127
11,a,v4,9770
11,a,v6,9066
11,a,v3,875
11,a,v5,7556
11,a,v1,4277
11,b,v5,3964
11,b,v4,8952
11,b,v3,14713
11,b,v1,13193
11,b,v9,8707
11,b,v6,10640
11,c,v4,6042
11,c,v5,14214
11,c,v1,5166
11,c,v6,5082
11,c,v3,9615
11,d,v1,7258
11,d,v3,10111
11,d,v5,14288
11,d,v4,3790
11,d,v6,7708
11,e,v9,5375
11,e,v6,14362
11,e,v3,4256
11,e,v5,12650
11,e,v4,13670
11,e,v1,6232
11,f,v6,12946
11,f,v5,7439
11,f,v3,13830
11,f,v4,2733
11,g,v3,4321
11,g,v6,14378
11,g,v5,12839
11,g,v4,9416
11,g,v1,10597
11,g,v9,13486
11,h,v5,11655
11,h,v4,5065
11,h,v1,2855
11,h,v6,12048
11,h,v3,5788
11,h,v7,10136
11,i,v3,8727
11,i,v5,14010
11,i,v1,5258
11,i,v6,11213
11,i,v4,10381
11,j,v6,13079
11,j,v1,2540
11,j,v4,4384
11,j,v5,13444
11,j,v3,7032
11,k,v8,13078
11,k,v4,5457
11,k,v7,2279
11,k,v6,3304
11,k,v1,13364
11,k,v5,4258
11,k,v3,1124
11,k,v9,13973
12,a,v1,14703
12,a,v6,7509
12,a,v4,596
12,a,v3,1462
12,a,v9,8977
12,a,v5,10581
12,b,v1,127
12,b,v3,3400
12,b,v6,1890
12,b,v4,13388
12,b,v5,13473
12,c,v3,8621
12,c,v6,2636
12,c,v5,6588
12,c,v1,13086
12,c,v4,11596
12,d,v4,2434
12,d,v3,10529
12,d,v1,12442
12,d,v5,4298
12,e,v4,5407
12,e,v3,7179
12,e,v1,7407
12,e,v6,963
12,e,v5,2845
12,f,v5,10850
12,f,v6,7221
12,f,v3,2943
12,f,v4,6314
12,g,v5,13230
12,g,v1,919
12,g,v4,12014
12,g,v3,13487
12,h,v4,1962
12,h,v7,13285
12,h,v5,11029
12,h,v1,12575
12,h,v3,731
12,i,v5,2891
12,i,v1,998
12,i,v6,823
12,i,v7,3506
12,i,v3,4680
12,i,v4,12041
12,j,v1,13755
12,j,v6,11287
12,j,v4,2619
12,j,v3,622
12,j,v5,12346
12,j,v2,13049
12,k,v9,4889
12,k,v4,3627
12,k,v5,5363
12,k,v8,8992
12,k,v3,11518
12,k,v1,3276
12,k,v6,6416
12,k,v7,13927
13,a,v3,5459
13,a,v6,3534
13,a,v4,6220
13,a,v1,4427
13,a,v5,2038
13,b,v4,5640
13,b,v6,4105
13,b,v3,1042
13,b,v5,12056
13,b,v1,13029
13,c,v6,3600
13,c,v1,253
13,c,v5,195
13,c,v4,6787
13,c,v3,5413
13,d,v4,10405
13,d,v1,5092
13,d,v3,6095
13,d,v6,2884
13,d,v5,9908
13,e,v5,14173
13,e,v6,1387
13,e,v4,8086
13,e,v3,14455
13,e,v1,4808
13,f,v6,13228
13,f,v5,13206
13,f,v4,5133
13,g,v3,2235
13,g,v6,4008
13,g,v4,14857
13,g,v5,11792
13,g,v1,8809
13,h,v3,6493
13,h,v4,14103
13,h,v6,1897
13,h,v1,6225
13,h,v5,3783
13,h,v7,10254
13,i,v1,4079
13,i,v6,5817
13,i,v5,1314
13,i,v3,3965
13,i,v4,12513
13,j,v5,12787
13,j,v3,11631
13,j,v6,2244
13,j,v4,14790
13,k,v7,13179
13,k,v5,13724
13,k,v6,2096
13,k,v4,194
13,k,v9,14890
13,k,v1,10528
13,k,v3,4543
13,k,v8,14077
14,a,v7,5893
14,a,v3,7005
14,a,v4,3578
14,a,v1,11832
14,a,v5,3683
14,a,v6,9469
14,b,v4,1676
14,b,v6,14565
14,b,v1,1479
14,b,v5,2413
14,b,v3,2467
14,c,v1,2708
14,c,v5,7029
14,c,v6,11980
14,c,v3,7556
14,c,v4,2447
14,d,v5,5155
14,d,v4,11437
14,d,v1,12352
14,d,v3,10614
14,e,v6,8596
14,e,v3,4383
14,e,v4,9358
14,e,v5,4248
14,e,v1,6975
14,f,v5,4501
14,f,v4,13609
14,f,v6,7130
14,f,v3,5634
14,g,v4,13529
14,g,v1,13633
14,g,v3,1761
14,g,v5,10553
14,g,v6,9726
14,h,v3,7029
14,h,v4,11773
14,h,v7,5355
14,h,v1,3175
14,h,v6,1310
14,h,v5,13207
14,i,v6,13056
14,i,v3,809
14,i,v7,3736
14,i,v5,11712
14,i,v4,388
14,i,v1,3240
14,j,v1,7494
14,j,v3,7094
14,j,v2,2131
14,j,v6,4035
14,j,v5,6676
14,j,v4,11391
14,k,v7,14847
14,k,v3,11835
14,k,v5,12260
14,k,v4,226
14,k,v9,13767
14,k,v6,12953
14,k,v1,2678
15,a,v4,3337
15,a,v7,5090
15,a,v3,5297
15,a,v1,13994
15,a,v5,5313
15,a,v6,5221
15,b,v1,6493
15,b,v4,6157
15,b,v5,5610
15,b,v6,8489
15,b,v3,8674
15,c,v6,14326
15,c,v3,1936
15,c,v5,5926
15,c,v4,7793
15,c,v1,6217
15,d,v1,2669
15,d,v4,7191
15,d,v5,9081
15,d,v3,13926
15,e,v4,4822
15,e,v6,10894
15,e,v5,11066
15,e,v3,8052
15,e,v1,1172
15,f,v4,11352
15,f,v6,1196
15,f,v5,6132
15,f,v8,342
15,g,v4,11439
15,g,v1,9793
15,g,v6,1306
15,g,v5,9264
15,g,v3,14700
15,h,v4,3583
15,h,v6,12926
15,h,v5,778
15,h,v3,6108
15,h,v7,9108
15,h,v1,6919
15,i,v3,2037
15,i,v6,2360
15,i,v1,11822
15,i,v4,8706
15,i,v5,14905
15,j,v1,9273
15,j,v6,11488
15,j,v3,2871
15,j,v5,11645
15,j,v4,625
15,k,v1,844
15,k,v5,11617
15,k,v3,5022
15,k,v6,8820
15,k,v4,9145
15,k,v8,1509
16,a,v3,1871
16,a,v4,2161
16,a,v6,3858
16,a,v1,13751
16,a,v5,8326
16,b,v5,6072
16,b,v3,6241
16,b,v6,7614
16,b,v4,10649
16,b,v7,2059
16,b,v1,6889
16,c,v4,2201
16,c,v3,6400
16,c,v5,6810
16,c,v6,9896
16,c,v1,79
16,c,v8,10696
16,d,v3,2170
16,d,v5,1159
16,d,v1,3932
16,d,v4,13374
16,d,v6,514
16,e,v6,7352
16,e,v4,539
16,e,v3,7957
16,e,v1,10127
16,e,v5,12920
16,f,v4,4777
16,f,v5,3214
16,f,v6,5801
16,g,v7,6999
16,g,v3,5822
16,g,v4,901
16,g,v5,14952
16,g,v1,10562
16,h,v5,9887
16,h,v3,5574
16,h,v7,8448
16,h,v1,12094
16,h,v4,7631
16,i,v6,14274
16,i,v3,9364
16,i,v1,12313
16,i,v5,731
16,i,v4,6507
16,j,v5,4700
16,j,v6,9878
16,j,v2,427
16,j,v3,13861
16,j,v1,14346
16,j,v4,10767
16,k,v3,5388
16,k,v1,1819
16,k,v5,4489
16,k,v7,14937
16,k,v6,3303
16,k,v4,419
17,a,v4,14926
17,a,v3,234
17,a,v5,5016
17,a,v6,1410
17,a,v1,6690
17,b,v5,10854
17,b,v7,2255
17,b,v1,6682
17,b,v6,3269
17,b,v4,5014
17,b,v3,3733
17,c,v6,4277
17,c,v3,8614
17,c,v8,9003
17,c,v5,10550
17,c,v1,8427
17,c,v4,8974
17,d,v5,8815
17,d,v1,4651
17,d,v3,12273
17,d,v6,8013
17,d,v4,12874
17,e,v5,14008
17,e,v1,1151
17,e,v3,2864
17,e,v6,13387
17,e,v4,12387
17,f,v5,6289
17,f,v1,8244
17,f,v6,12454
17,f,v4,13231
17,f,v3,7575
17,f,v8,11857
17,g,v3,13822
17,g,v5,10182
17,g,v4,1937
17,g,v1,7829
17,h,v6,11069
17,h,v3,13460
17,h,v4,6737
17,h,v5,1441
17,h,v7,13348
17,h,v1,3430
17,i,v5,3539
17,i,v1,8257
17,i,v3,4265
17,i,v4,7938
17,i,v7,4498
17,i,v6,11996
17,j,v5,9361
17,j,v1,8666
17,j,v4,1774
17,j,v2,14455
17,j,v6,4872
17,j,v3,3264
17,k,v7,9574
17,k,v3,13900
17,k,v9,10275
17,k,v1,8846
17,k,v4,7707
17,k,v6,8869
17,k,v5,5664
18,a,v3,11830
18,a,v4,11303
18,a,v5,7595
18,a,v1,9031
18,a,v6,7795
18,b,v3,8251
18,b,v4,1009
18,b,v1,8633
18,b,v6,13042
18,b,v5,5066
18,c,v6,9397
18,c,v5,10114
18,c,v4,13991
18,c,v3,13917
18,c,v1,6096
18,d,v5,14573
18,d,v4,510
18,d,v3,10848
18,d,v6,11055
18,d,v1,14270
18,e,v1,13153
18,e,v6,8006
18,e,v9,2006
18,e,v3,2368
18,e,v4,5500
18,e,v5,4078
18,f,v6,6235
18,f,v5,12710
18,f,v3,11919
18,f,v4,7611
18,g,v6,5056
18,g,v4,5431
18,g,v5,11492
18,g,v1,7259
18,g,v3,7203
18,h,v5,12917
18,h,v3,8927
18,h,v7,3859
18,h,v1,7324
18,h,v4,10405
18,h,v6,11893
18,i,v1,4725
18,i,v4,13201
18,i,v3,13215
18,i,v5,11053
18,i,v6,11793
18,j,v3,11777
18,j,v4,7713
18,j,v1,6787
18,j,v6,5387
18,j,v2,186
18,j,v5,5700
18,k,v9,2960
18,k,v6,11276
18,k,v3,8641
18,k,v4,2552
18,k,v1,3638
18,k,v5,3210
18,k,v7,14131
19,a,v1,2662
19,a,v4,3677
19,a,v3,12761
19,a,v6,7803
19,a,v5,7899
19,b,v3,7518
19,b,v6,14981
19,b,v4,2152
19,b,v1,8093
19,b,v5,3523
19,c,v3,9400
19,c,v1,5455
19,c,v5,4602
19,c,v6,614
19,c,v4,4482
19,d,v1,2776
19,d,v3,5181
19,d,v5,10402
19,d,v4,12231
19,e,v1,199
19,e,v6,1316
19,e,v4,9320
19,e,v3,8638
19,e,v5,7185
19,f,v4,3634
19,f,v6,8129
19,f,v5,17
19,f,v3,6471
19,g,v4,1346
19,g,v5,14558
19,g,v1,7782
19,g,v3,14981
19,g,v9,8328
19,g,v6,12082
19,h,v4,5678
19,h,v3,2451
19,h,v1,7079
19,h,v7,7050
19,h,v5,8622
19,i,v4,14416
19,i,v6,2011
19,i,v3,2721
19,i,v1,11757
19,i,v5,2821
19,j,v3,4458
19,j,v5,3283
19,j,v1,1838
19,j,v6,8178
19,j,v4,5936
19,j,v2,11864
19,k,v1,6436
19,k,v4,5639
19,k,v3,2683
19,k,v6,4245
19,k,v7,14627
19,k,v5,4329
20,a,v1,7845
20,a,v6,13458
20,a,v5,14999
20,a,v3,552
20,a,v4,10713
20,b,v6,1366
20,b,v5,4059
20,b,v3,197
20,b,v7,214
20,b,v4,14946
20,b,v1,14407
20,c,v6,2446
20,c,v3,1818
20,c,v1,2877
20,c,v4,2226
20,c,v5,11521
20,d,v3,2298
20,d,v5,8504
20,d,v4,6405
20,d,v6,9628
20,d,v1,3559
20,e,v3,6469
20,e,v1,1127
20,e,v5,6423
20,e,v4,12250
20,e,v6,3433
20,f,v4,1481
20,f,v3,13093
20,f,v5,14514
20,f,v6,3007
20,g,v5,13156
20,g,v1,21
20,g,v3,3678
20,g,v4,14014
20,g,v6,5548
20,h,v7,10179
20,h,v4,11162
20,h,v1,10029
20,h,v3,6804
20,h,v6,3136
20,h,v5,14076
20,i,v4,2568
20,i,v5,11521
20,i,v6,8966
20,i,v1,2719
20,i,v3,9112
20,i,v7,3084
20,j,v6,7749
20,j,v3,10514
20,j,v1,8017
20,j,v2,8117
20,j,v4,2091
20,j,v5,6419
20,k,v9,3981
20,k,v6,6022
20,k,v3,7842
20,k,v8,9464
20,k,v4,1755
20,k,v7,14665
20,k,v1,8295
20,k,v5,11195
21,a,v3,2682
21,a,v6,6044
21,a,v5,9399
21,a,v1,9565
21,a,v4,1041
21,b,v4,12288
21,b,v3,12081
21,b,v5,1561
21,b,v7,155
21,b,v6,5246
21,b,v1,4704
21,c,v6,5842
21,c,v4,14280
21,c,v3,13396
21,c,v5,6134
21,c,v1,12678
21,c,v8,13701
21,d,v4,3598
21,d,v3,7693
21,d,v1,6022
21,d,v6,7931
21,d,v5,2021
21,e,v6,4844
21,e,v1,10852
21,e,v3,12543
21,e,v5,1825
21,e,v4,12144
21,f,v6,8288
21,f,v4,421
21,f,v5,12989
21,f,v8,8335
21,f,v3,1906
21,g,v1,6045
21,g,v3,5424
21,g,v4,8369
21,g,v5,1487
21,g,v6,4360
21,h,v4,13689
21,h,v6,7394
21,h,v5,12061
21,h,v3,593
21,h,v1,3449
21,h,v7,1849
21,i,v4,8801
21,i,v6,14880
21,i,v5,9353
21,i,v1,3488
21,j,v1,9770
21,j,v3,9240
21,j,v2,14274
21,j,v6,11369
21,j,v4,12842
21,j,v5,2362
21,k,v5,1092
21,k,v9,5646
21,k,v4,7918
21,k,v7,7195
21,k,v3,219
21,k,v6,762
21,k,v8,329
21,k,v1,14682
22,a,v1,8758
22,a,v4,2725
22,a,v5,10437
22,a,v3,14005
22,a,v6,13406
22,b,v1,14591
22,b,v4,2842
22,b,v5,6552
22,b,v6,4864
22,b,v3,12633
22,c,v4,6662
22,c,v1,10310
22,c,v3,13660
22,c,v5,7950
22,c,v6,12237
22,d,v5,9822
22,d,v4,159
22,d,v6,2803
22,d,v3,2291
22,d,v1,1830
22,e,v1,4815
22,e,v6,10576
22,e,v4,11643
22,e,v3,1502
22,e,v5,5242
22,f,v4,13819
22,f,v5,14387
22,f,v8,8458
22,f,v6,7292
22,g,v1,6623
22,g,v3,11853
22,g,v5,14382
22,g,v4,13436
22,h,v3,5936
22,h,v1,3700
22,h,v5,357
22,h,v7,7058
22,h,v4,13301
22,h,v6,2398
22,i,v5,13109
22,i,v7,863
22,i,v4,13889
22,i,v6,9446
22,i,v1,9014
22,i,v3,4790
22,j,v2,6586
22,j,v6,14689
22,j,v4,12641
22,j,v3,7504
22,j,v1,13946
22,j,v5,4454
22,k,v4,3746
22,k,v3,6624
22,k,v7,9139
22,k,v5,4218
22,k,v1,2916
22,k,v6,458
23,a,v1,1691
23,a,v4,1489
23,a,v6,11726
23,a,v5,4729
23,a,v3,10843
23,b,v1,8687
23,b,v3,14964
23,b,v4,6676
23,b,v5,11395
23,b,v6,13044
23,c,v6,9770
23,c,v3,7201
23,c,v4,10154
23,c,v1,11721
23,c,v5,10062
23,d,v6,9102
23,d,v1,2637
23,d,v5,261
23,d,v4,8087
23,d,v3,1979
23,e,v3,11292
23,e,v4,12725
23,e,v1,11466
23,e,v5,7093
23,e,v6,7411
23,f,v6,9243
23,f,v4,2717
23,f,v5,837
23,g,v3,13804
23,g,v6,6951
23,g,v5,12722
23,g,v4,4360
23,g,v1,3149
23,h,v5,11697
23,h,v1,11275
23,h,v4,11881
23,h,v6,5214
23,h,v3,9245
23,i,v4,4174
23,i,v7,13993
23,i,v6,6482
23,i,v5,10335
23,i,v1,1041
23,i,v3,11894
23,j,v5,7041
23,j,v2,7674
23,j,v1,2912
23,j,v6,3956
23,j,v3,10429
23,j,v4,941
23,k,v7,1738
23,k,v6,4091
23,k,v4,7552
23,k,v5,8249
23,k,v3,10769
23,k,v1,3754
24,a,v5,1351
24,a,v1,12077
24,a,v6,9296
24,a,v3,8983
24,a,v4,8047
24,b,v7,4598
24,b,v1,6371
24,b,v6,7342
24,b,v4,2171
24,b,v5,11443
24,b,v3,1922
24,c,v5,13323
24,c,v4,7335
24,c,v6,7137
24,c,v1,5284
24,c,v3,675
24,d,v1,10499
24,d,v5,6772
24,d,v3,1081
24,d,v6,10143
24,d,v4,6624
24,e,v6,4452
24,e,v4,7192
24,e,v1,14990
24,e,v3,7037
24,e,v5,14333
24,f,v4,13873
24,f,v5,5869
24,f,v6,1840
24,g,v6,4404
24,g,v5,9160
24,g,v4,1909
24,g,v7,6818
24,g,v3,14872
24,g,v2,3183
24,g,v1,11903
24,h,v6,11251
24,h,v1,9415
24,h,v4,10364
24,h,v7,12198
24,h,v5,14255
24,h,v3,5778
24,i,v5,2390
24,i,v6,5366
24,i,v4,2357
24,i,v1,10028
24,j,v3,666
24,j,v1,2114
24,j,v4,10626
24,j,v2,14370
24,j,v5,3313
24,j,v6,11196
24,k,v5,2309
24,k,v1,10495
24,k,v3,3078
24,k,v6,13776
24,k,v4,4413
25,a,v1,10046
25,a,v5,1497
25,a,v4,10735
25,a,v3,9739
25,a,v6,9939
25,b,v4,7270
25,b,v5,805
25,b,v1,13750
25,b,v6,14706
25,b,v3,2270
25,c,v5,7973
25,c,v3,3136
25,c,v8,10070
25,c,v6,3258
25,c,v4,2865
25,c,v1,11811
25,d,v3,4114
25,d,v6,6232
25,d,v1,2972
25,d,v5,7365
25,d,v4,2311
25,e,v4,9639
25,e,v5,2743
25,e,v1,14233
25,e,v6,5557
25,e,v3,1801
25,f,v4,13415
25,f,v5,1734
25,f,v6,938
25,g,v4,3141
25,g,v5,5256
25,g,v1,12839
25,g,v3,11245
25,g,v6,8826
25,h,v3,6696
25,h,v1,1934
25,h,v5,6010
25,h,v6,6032
25,h,v4,5689
25,h,v7,2654
25,i,v6,2792
25,i,v5,4042
25,i,v1,14875
25,i,v3,4328
25,i,v4,3189
25,j,v1,14362
25,j,v3,11925
25,j,v2,1519
25,j,v6,14430
25,j,v4,14463
25,j,v5,7962
25,k,v1,13292
25,k,v5,1865
25,k,v7,7275
25,k,v4,1024
25,k,v6,13648
25,k,v3,3930
26,a,v6,4079
26,a,v5,6568
26,a,v4,10320
26,a,v1,5733
26,a,v3,5968
26,b,v4,1330
26,b,v5,5405
26,b,v3,7160
26,b,v6,1736
26,b,v1,11618
26,c,v4,2486
26,c,v2,1494
26,c,v3,11037
26,c,v1,10910
26,c,v5,112
26,c,v6,682
26,d,v5,13310
26,d,v6,11635
26,d,v1,3369
26,d,v3,11970
26,d,v4,6934
26,e,v1,13845
26,e,v6,242
26,e,v4,3341
26,e,v3,9568
26,e,v5,3048
26,f,v4,2968
26,f,v6,4095
26,f,v5,4718
26,g,v1,1332
26,g,v6,9265
26,g,v5,13270
26,g,v3,2397
26,g,v4,11849
26,h,v4,10096
26,h,v5,8404
26,h,v1,11425
26,h,v6,9173
26,h,v3,930
26,i,v6,10806
26,i,v4,8870
26,i,v5,11443
26,i,v1,9267
26,i,v3,5280
26,j,v1,5482
26,j,v5,3133
26,j,v4,5691
26,j,v3,12973
26,j,v6,12814
26,j,v2,4007
26,k,v3,8672
26,k,v4,4591
26,k,v6,479
26,k,v1,4617
26,k,v5,2719
27,a,v1,1854
27,a,v6,6662
27,a,v3,761
27,a,v4,3218
27,a,v5,6696
27,b,v6,11534
27,b,v1,13627
27,b,v5,14322
27,b,v4,133
27,b,v3,5126
27,b,v9,10058
27,c,v1,10222
27,c,v2,14615
27,c,v5,7549
27,c,v4,4027
27,c,v3,13358
27,c,v6,1208
27,d,v4,784
27,d,v5,400
27,d,v6,2887
27,d,v1,1699
27,d,v3,6029
27,e,v5,8335
27,e,v4,2536
27,e,v3,13807
27,e,v6,12912
27,e,v1,9480
27,f,v6,1737
27,f,v4,10057
27,f,v5,13046
27,g,v6,8263
27,g,v1,8284
27,g,v3,13172
27,g,v4,11910
27,g,v7,6293
27,g,v5,10504
27,h,v3,11528
27,h,v5,11764
27,h,v4,8314
27,h,v7,604
27,h,v6,13678
27,h,v1,1284
27,i,v5,10841
27,i,v1,2995
27,i,v6,10162
27,i,v3,8816
27,i,v7,20
27,i,v4,5921
27,j,v2,1466
27,j,v6,9003
27,j,v1,10114
27,j,v4,7681
27,j,v3,4395
27,j,v5,11403
27,k,v1,12721
27,k,v6,8837
27,k,v9,8269
27,k,v4,2793
27,k,v3,14552
27,k,v5,6315
28,a,v4,10201
28,a,v1,5267
28,a,v5,5751
28,a,v3,11498
28,a,v6,9637
28,b,v6,10417
28,b,v4,6218
28,b,v5,3964
28,b,v1,5286
28,b,v3,2838
28,b,v7,4130
28,c,v4,5146
28,c,v1,11409
28,c,v3,12548
28,c,v2,4991
28,c,v6,4754
28,c,v5,5199
28,d,v4,7093
28,d,v1,7074
28,d,v3,14476
28,d,v5,14600
28,e,v1,4479
28,e,v4,8677
28,e,v6,7233
28,e,v3,4398
28,e,v5,14301
28,f,v4,7722
28,f,v6,10823
28,f,v5,13006
28,g,v5,2850
28,g,v1,12839
28,g,v3,12912
28,g,v7,6998
28,g,v4,13393
28,h,v6,2626
28,h,v4,11151
28,h,v5,274
28,h,v1,1526
28,h,v3,3260
28,h,v7,12630
28,i,v4,4434
28,i,v1,10611
28,i,v6,4102
28,i,v3,171
28,i,v7,13747
28,i,v5,3892
28,j,v5,928
28,j,v6,9899
28,j,v3,13750
28,j,v4,8533
28,j,v2,13778
28,j,v1,8628
28,k,v1,10739
28,k,v5,1610
28,k,v9,3410
28,k,v3,14357
28,k,v6,10176
28,k,v7,4766
28,k,v4,4976
29,a,v6,4743
29,a,v3,4157
29,a,v4,50
29,a,v1,6744
29,a,v7,10741
29,a,v5,12262
29,b,v5,6112
29,b,v6,2049
29,b,v4,1379
29,b,v3,5459
29,b,v1,8531
29,c,v6,9049
29,c,v1,2746
29,c,v3,10025
29,c,v4,1910
29,c,v5,10999
29,c,v2,5256
29,d,v5,13700
29,d,v4,1447
29,d,v6,6433
29,d,v3,13459
29,e,v1,7771
29,e,v5,6974
29,e,v6,4410
29,e,v3,7269
29,e,v4,4647
29,f,v6,11661
29,f,v4,14306
29,f,v5,1759
29,g,v4,10439
29,g,v5,6185
29,g,v1,12081
29,g,v3,12370
29,h,v4,11668
29,h,v7,1975
29,h,v1,14628
29,h,v5,4749
29,h,v3,14941
29,i,v4,14549
29,i,v3,1420
29,i,v5,8310
29,i,v1,6091
29,i,v6,8380
29,j,v1,10732
29,j,v2,6790
29,j,v3,3461
29,j,v4,14980
29,j,v5,13281
29,j,v6,8617
29,k,v1,900
29,k,v6,7051
29,k,v3,12351
29,k,v4,300
29,k,v5,7349
29,k,v7,353
29,k,v9,87
30,a,v1,368
30,a,v6,13381
30,a,v9,2628
30,a,v5,6044
30,a,v4,7326
30,a,v3,5225
30,b,v5,8366
30,b,v6,1877
30,b,v4,4418
30,b,v3,10305
30,b,v1,4209
30,c,v6,2788
30,c,v4,12837
30,c,v5,12929
30,c,v2,14352
30,c,v3,1150
30,c,v1,10393
30,d,v4,3823
30,d,v3,1070
30,d,v5,6701
30,d,v1,10823
30,e,v6,10236
30,e,v1,11295
30,e,v4,2209
30,e,v5,3439
30,e,v3,3415
30,f,v4,8074
30,f,v6,13777
30,f,v5,14053
30,g,v6,4856
30,g,v3,437
30,g,v5,13886
30,g,v4,8639
30,g,v1,3929
30,h,v6,6029
30,h,v5,5366
30,h,v3,1810
30,h,v1,334
30,h,v4,13425
30,i,v5,7331
30,i,v4,14877
30,i,v6,4302
30,i,v3,10572
30,i,v1,6156
30,j,v2,13102
30,j,v3,1524
30,j,v5,8668
30,j,v1,11214
30,j,v4,1437
30,j,v6,10637
30,k,v8,12415
30,k,v3,2061
30,k,v9,10816
30,k,v6,14345
30,k,v1,7372
30,k,v5,5650
30,k,v4,9286
30,k,v7,3402
31,a,v5,14266
31,a,v3,12278
31,a,v1,9896
31,a,v4,3269
31,a,v6,13475
31,b,v6,950
31,b,v3,13027
31,b,v5,9887
31,b,v4,4698
31,b,v1,13102
31,c,v3,11154
31,c,v2,14056
31,c,v6,4925
31,c,v1,10559
31,c,v5,8750
31,c,v4,6343
31,c,v8,2080
31,d,v5,4052
31,d,v4,6308
31,d,v3,6914
31,d,v1,9375
31,d,v6,14062
31,e,v4,12518
31,e,v5,10791
31,e,v3,8852
31,e,v6,9067
31,e,v1,1382
31,f,v4,6715
31,f,v6,9766
31,f,v3,11523
31,f,v5,12003
31,g,v6,4456
31,g,v1,5216
31,g,v3,5019
31,g,v4,11936
31,g,v5,12462
31,h,v5,13229
31,h,v7,9706
31,h,v3,1113
31,h,v4,7484
31,h,v1,13886
31,h,v6,2321
31,i,v5,11611
31,i,v3,5532
31,i,v6,10170
31,i,v1,7522
31,i,v4,6500
31,j,v1,632
31,j,v4,9788
31,j,v6,3330
31,j,v2,6691
31,j,v3,385
31,j,v5,2863
31,k,v5,9866
31,k,v9,13890
31,k,v2,5759
31,k,v7,12637
31,k,v6,14816
31,k,v4,5858
31,k,v3,8528
31,k,v1,5243
32,a,v5,7969
32,a,v1,13589
32,a,v4,8906
32,a,v3,1143
32,a,v6,1638
32,b,v3,4322
32,b,v5,13218
32,b,v4,3395
32,b,v6,4417
32,b,v1,12058
32,c,v4,6747
32,c,v6,1185
32,c,v3,1636
32,c,v1,3957
32,c,v5,8507
32,c,v2,4038
32,d,v4,112
32,d,v3,12422
32,d,v1,8295
32,d,v5,3620
32,e,v3,12827
32,e,v5,1922
32,e,v6,7143
32,e,v4,7672
32,e,v1,9856
32,f,v4,7454
32,f,v5,39
32,f,v8,4086
32,f,v6,2198
32,g,v6,2772
32,g,v4,3689
32,g,v5,380
32,g,v7,1365
32,g,v2,9965
32,g,v3,1653
32,g,v1,6868
32,h,v6,13496
32,h,v3,3082
32,h,v5,119
32,h,v4,672
32,h,v1,5108
32,i,v6,14176
32,i,v5,7223
32,i,v1,11850
32,i,v4,11592
32,i,v3,13058
32,j,v3,9775
32,j,v2,11746
32,j,v1,4854
32,j,v6,9491
32,j,v4,3586
32,j,v5,4839
32,k,v4,383
32,k,v8,499
32,k,v7,11109
32,k,v5,12287
32,k,v1,509
32,k,v6,5878
32,k,v3,1942
33,a,v3,5700
33,a,v1,1418
33,a,v4,5494
33,a,v7,4358
33,a,v5,1378
33,a,v6,9915
33,b,v4,732
33,b,v3,11959
33,b,v6,7694
33,b,v5,1818
33,b,v1,5898
33,c,v2,1873
33,c,v5,13581
33,c,v6,5361
33,c,v3,14681
33,c,v1,7976
33,c,v4,5860
33,d,v5,681
33,d,v1,5750
33,d,v3,11587
33,d,v4,5898
33,d,v6,10804
33,e,v5,7788
33,e,v4,695
33,e,v1,1888
33,e,v3,3819
33,e,v6,13592
33,f,v6,634
33,f,v4,10811
33,f,v5,1572
33,g,v5,10658
33,g,v2,594
33,g,v3,14599
33,g,v4,3705
33,g,v6,10546
33,g,v1,7741
33,h,v7,10052
33,h,v1,248
33,h,v4,2215
33,h,v5,13889
33,h,v3,5436
33,i,v4,12140
33,i,v1,11870
33,i,v6,9506
33,i,v5,10187
33,j,v2,6713
33,j,v5,4137
33,j,v1,12597
33,j,v4,7392
33,j,v3,1064
33,j,v6,10948
33,k,v1,7014
33,k,v6,6038
33,k,v7,7048
33,k,v5,2716
33,k,v4,7010
33,k,v3,7812
34,a,v6,7727
34,a,v4,8620
34,a,v5,13537
34,a,v3,985
34,a,v1,8287
34,b,v3,133
34,b,v5,1855
34,b,v6,9137
34,b,v4,10362
34,b,v1,13182
34,c,v8,4359
34,c,v4,3695
34,c,v6,11291
34,c,v5,14025
34,c,v2,12643
34,c,v3,338
34,c,v1,12634
34,d,v4,8793
34,d,v3,5515
34,d,v6,7548
34,d,v5,11518
34,d,v1,5780
34,e,v6,10999
34,e,v1,3498
34,e,v4,14374
34,e,v5,4191
34,e,v3,27
34,f,v6,12677
34,f,v5,6117
34,f,v4,7436
34,g,v1,13578
34,g,v6,10793
34,g,v3,7715
34,g,v4,14337
34,g,v2,13574
34,g,v5,5403
34,h,v6,14768
34,h,v3,745
34,h,v5,11871
34,h,v4,3683
34,h,v1,8400
34,i,v6,14764
34,i,v1,8138
34,i,v5,9957
34,i,v4,11422
34,i,v3,2378
34,j,v5,8058
34,j,v2,13923
34,j,v1,50
34,j,v6,2889
34,j,v4,11796
34,j,v3,8226
34,k,v6,1302
34,k,v3,2859
34,k,v4,13133
34,k,v7,8387
34,k,v1,14281
34,k,v8,3242
34,k,v5,10434
35,a,v8,10249
35,a,v6,14664
35,a,v3,13275
35,a,v4,5416
35,a,v5,13585
35,a,v1,13410
35,a,v7,12990
35,b,v3,14730
35,b,v6,6566
35,b,v5,9096
35,b,v1,13358
35,b,v4,8857
35,c,v3,10328
35,c,v7,5836
35,c,v4,11616
35,c,v5,12512
35,c,v1,11860
35,c,v6,8160
35,c,v2,9321
35,c,v8,352
35,d,v3,2332
35,d,v1,11471
35,d,v6,6898
35,d,v4,9448
35,d,v5,2404
35,e,v4,4905
35,e,v1,12723
35,e,v6,13965
35,e,v5,9219
35,e,v3,13472
35,f,v6,1875
35,f,v5,8915
35,f,v8,8642
35,f,v4,10771
35,g,v5,11715
35,g,v1,3956
35,g,v4,9481
35,g,v3,293
35,g,v6,7348
35,h,v6,2035
35,h,v7,1294
35,h,v4,9280
35,h,v5,2618
35,h,v1,10562
35,h,v3,5630
35,i,v1,8817
35,i,v3,9712
35,i,v6,9650
35,i,v4,6122
35,i,v5,1293
35,j,v4,6729
35,j,v6,11046
35,j,v3,5176
35,j,v2,7900
35,j,v5,7150
35,j,v1,9892
35,k,v1,12574
35,k,v2,98
35,k,v6,7202
35,k,v5,10659
35,k,v3,4643
35,k,v8,1646
35,k,v7,1285
35,k,v9,8465
35,k,v4,10771
36,a,v6,10663
36,a,v1,6131
36,a,v5,13581
36,a,v3,6437
36,a,v4,5387
36,b,v9,5834
36,b,v6,1095
36,b,v1,11216
36,b,v4,2208
36,b,v3,2613
36,b,v5,7592
36,c,v5,889
36,c,v3,6030
36,c,v1,13029
36,c,v6,13731
36,c,v2,12309
36,c,v4,4474
36,d,v5,2886
36,d,v3,7986
36,d,v6,10159
36,d,v1,12311
36,d,v4,11709
36,e,v1,12669
36,e,v4,11148
36,e,v3,8184
36,e,v6,6910
36,e,v5,12256
36,f,v6,1518
36,f,v5,10153
36,f,v4,651
36,g,v6,14626
36,g,v1,11682
36,g,v5,8118
36,g,v4,11563
36,g,v3,7073
36,h,v7,3395
36,h,v5,438
36,h,v6,10881
36,h,v4,1508
36,h,v3,3531
36,h,v1,11394
36,i,v1,12410
36,i,v6,6286
36,i,v5,8342
36,i,v3,12811
36,i,v4,7285
36,j,v1,4096
36,j,v3,12357
36,j,v2,4629
36,j,v4,4554
36,j,v6,14879
36,j,v5,12904
36,k,v4,7223
36,k,v6,10344
36,k,v5,14629
36,k,v7,5620
36,k,v9,14375
36,k,v8,5024
36,k,v1,9139
36,k,v3,5884
37,a,v6,4926
37,a,v1,7408
37,a,v5,8705
37,a,v3,13662
37,a,v4,4203
37,b,v6,12688
37,b,v5,8094
37,b,v1,8892
37,b,v4,2783
37,b,v3,13399
37,c,v6,1944
37,c,v1,5467
37,c,v3,9739
37,c,v4,940
37,c,v5,587
37,c,v2,5608
37,d,v3,5638
37,d,v4,5818
37,d,v5,3914
37,d,v6,2561
37,e,v5,2999
37,e,v6,3062
37,e,v4,10588
37,e,v1,4804
37,f,v4,10248
37,g,v1,3633
37,g,v3,8286
37,g,v4,4816
37,g,v5,4723
37,h,v5,11180
37,h,v3,5490
37,h,v7,5145
37,h,v4,202
37,h,v6,786
37,i,v4,13169
37,i,v6,914
37,i,v3,7846
37,i,v5,7818
37,i,v1,7977
37,j,v3,11327
37,j,v1,11050
37,j,v4,8438
37,j,v6,1707
37,j,v5,12364
37,j,v2,14251
37,k,v3,8726
37,k,v6,2302
37,k,v5,13461
37,k,v4,7929
37,k,v1,4492
38,a,v2,10712
38,a,v5,14224
38,a,v1,4061
38,a,v6,9393
38,a,v3,13579
38,a,v4,7575
38,b,v4,11493
38,b,v5,9867
38,b,v1,5029
38,b,v6,8515
38,b,v3,8519
38,c,v5,7710
38,c,v6,11832
38,c,v1,14794
38,c,v3,4373
38,c,v4,10970
38,c,v2,4427
38,d,v4,882
38,d,v5,13783
38,d,v3,10323
38,d,v6,17
38,d,v1,3954
38,e,v1,4050
38,e,v6,10375
38,e,v5,1095
38,e,v4,3680
38,e,v3,10241
38,f,v6,13595
38,f,v4,5729
38,f,v8,7331
38,f,v5,7697
38,g,v4,11787
38,g,v6,1089
38,g,v5,13497
38,g,v1,8383
38,g,v3,6730
38,h,v6,9267
38,h,v3,5220
38,h,v1,14797
38,h,v4,9106
38,h,v5,12187
38,i,v4,2041
38,i,v3,6899
38,i,v6,6406
38,i,v5,8854
38,i,v1,4865
38,j,v2,11418
38,j,v4,7982
38,j,v6,2091
38,j,v3,13729
38,j,v1,9529
38,j,v5,13000
38,k,v7,243
38,k,v6,2556
38,k,v5,11813
38,k,v1,11072
38,k,v2,4583
38,k,v3,8425
38,k,v4,4424
39,a,v5,8537
39,a,v6,7724
39,a,v1,14738
39,a,v4,5650
39,a,v3,9702
39,b,v5,9315
39,b,v6,9743
39,b,v4,1867
39,b,v3,1948
39,b,v1,14701
39,c,v1,11635
39,c,v5,9731
39,c,v3,13815
39,c,v2,8643
39,c,v6,4410
39,c,v4,14206
39,c,v8,3420
39,d,v3,9178
39,d,v4,14740
39,d,v5,9785
39,d,v6,1337
39,d,v1,4408
39,e,v4,1617
39,e,v1,7198
39,e,v5,14635
39,e,v6,5438
39,f,v6,7534
39,f,v4,392
39,f,v5,8999
39,g,v1,3587
39,g,v5,7769
39,g,v4,2068
39,h,v1,8120
39,h,v4,7643
39,h,v7,9830
39,h,v3,4895
39,h,v6,8233
39,h,v5,4499
39,i,v1,3085
39,i,v5,14929
39,i,v6,7873
39,i,v3,12028
39,i,v4,9642
39,j,v5,14504
39,j,v1,9555
39,j,v6,8398
39,j,v2,5488
39,j,v4,12933
39,j,v3,12470
39,k,v5,9621
39,k,v3,13735
39,k,v6,6853
39,k,v7,4541
39,k,v4,2469
39,k,v1,13267
40,a,v4,12396
40,a,v6,9847
40,a,v1,7930
40,a,v3,6405
40,a,v5,9740
40,b,v4,341
40,b,v7,5608
40,b,v3,8528
40,b,v1,8237
40,b,v5,6858
40,b,v6,12567
40,c,v6,3332
40,c,v5,6662
40,c,v4,10774
40,c,v3,9457
40,c,v1,46
40,c,v8,12363
40,d,v3,6109
40,d,v4,2269
40,d,v5,3295
40,d,v1,2064
40,e,v6,773
40,e,v1,1937
40,e,v5,6996
40,e,v4,1250
40,f,v5,1395
40,f,v4,5060
40,f,v6,13250
40,f,v3,13620
40,g,v4,1067
40,g,v3,3185
40,g,v1,8767
40,g,v5,4293
40,h,v4,9785
40,h,v1,5498
40,h,v3,5534
40,h,v6,4116
40,h,v5,14280
40,i,v1,10999
40,i,v4,5394
40,i,v5,6664
40,i,v6,6833
40,i,v3,9547
40,j,v4,4321
40,j,v5,9522
40,j,v3,10748
40,j,v1,241
40,j,v6,13946
40,j,v2,1660
40,k,v6,9845
40,k,v2,10997
40,k,v4,3591
40,k,v3,9413
40,k,v5,4629
40,k,v1,3449
41,a,v3,14330
41,a,v4,4272
41,a,v6,5217
41,a,v5,13657
41,a,v1,6609
41,b,v1,848
41,b,v5,2104
41,b,v4,3469
41,b,v3,8312
41,b,v7,13285
41,b,v6,13851
41,c,v3,2100
41,c,v6,3406
41,c,v1,2457
41,c,v4,9923
41,c,v5,12270
41,d,v3,11052
41,d,v6,5353
41,d,v5,2504
41,d,v4,10329
41,d,v1,11249
41,e,v1,843
41,e,v3,10635
41,e,v6,6512
41,e,v5,12120
41,e,v4,12484
41,f,v5,12596
41,f,v6,9902
41,f,v4,14683
41,g,v7,11215
41,g,v1,663
41,g,v4,14711
41,g,v5,4086
41,g,v2,9293
41,g,v3,4460
41,g,v6,3801
41,h,v3,14378
41,h,v4,1376
41,h,v1,1865
41,h,v6,3326
41,h,v5,12136
41,i,v1,13793
41,i,v6,3133
41,i,v4,8886
41,i,v5,6533
41,j,v2,10496
41,j,v6,9162
41,j,v3,2034
41,j,v5,10830
41,j,v1,1589
41,j,v4,8624
41,k,v6,14601
41,k,v7,2493
41,k,v4,750
41,k,v1,4141
41,k,v3,983
41,k,v9,14236
41,k,v5,5855
42,a,v6,12670
42,a,v1,10044
42,a,v4,9658
42,a,v5,5895
42,a,v3,13765
42,b,v3,5613
42,b,v1,7807
42,b,v6,14888
42,b,v4,11746
42,b,v5,2255
42,c,v4,12320
42,c,v5,1158
42,c,v2,1349
42,c,v6,2329
42,c,v1,8829
42,c,v3,10049
42,c,v8,14651
42,d,v5,4079
42,d,v4,9858
42,d,v3,12379
42,e,v1,7999
42,e,v6,3316
42,e,v5,12194
42,e,v4,10688
42,f,v5,7648
42,f,v6,4968
42,f,v4,12513
42,g,v4,4827
42,g,v3,7910
42,g,v9,2534
42,g,v1,9904
42,g,v7,2646
42,g,v5,7189
42,h,v6,13865
42,h,v3,13967
42,h,v4,9323
42,h,v1,9269
42,h,v5,14912
42,i,v5,8927
42,i,v6,5956
42,i,v1,11019
42,i,v3,7659
42,i,v4,2288
42,j,v1,12221
42,j,v5,9285
42,j,v2,3789
42,j,v3,12151
42,j,v6,5635
42,j,v4,8556
42,k,v7,2817
42,k,v1,5749
42,k,v4,571
42,k,v6,716
42,k,v5,679
42,k,v3,5361
42,k,v9,5679
43,a,v1,2070
43,a,v5,3873
43,a,v6,282
43,a,v3,9593
43,a,v4,8951
43,b,v1,3203
43,b,v3,8104
43,b,v6,7918
43,b,v4,14313
43,b,v5,2716
43,c,v3,14468
43,c,v4,5016
43,c,v5,13689
43,c,v1,3685
43,c,v6,7402
43,c,v2,13113
43,d,v5,7757
43,d,v6,6037
43,d,v3,996
43,d,v1,7260
43,d,v4,8574
43,e,v3,14520
43,e,v6,13369
43,e,v4,3770
43,e,v5,11573
43,e,v1,2846
43,f,v4,607
43,f,v5,5124
43,f,v6,9346
43,f,v3,1525
43,g,v6,7949
43,g,v3,3828
43,g,v4,5321
43,g,v5,7482
43,g,v1,3928
43,h,v6,5618
43,h,v5,7149
43,h,v3,2835
43,h,v1,1536
43,h,v4,1302
43,i,v3,2428
43,i,v1,1714
43,i,v4,3493
43,i,v6,2746
43,i,v5,5026
43,j,v2,1802
43,j,v6,12688
43,j,v1,14863
43,j,v5,420
43,j,v4,9747
43,j,v3,6363
43,k,v1,5854
43,k,v3,13638
43,k,v8,5052
43,k,v5,13686
43,k,v4,9029
43,k,v6,5966
44,a,v7,10825
44,a,v1,1395
44,a,v5,12861
44,a,v6,11333
44,a,v4,7443
44,a,v3,3817
44,b,v4,2695
44,b,v1,13706
44,b,v3,2236
44,b,v5,3031
44,b,v6,6240
44,c,v5,13130
44,c,v6,12639
44,c,v2,2600
44,c,v4,3064
44,c,v1,8180
44,c,v3,11382
44,d,v3,2800
44,d,v4,6869
44,d,v5,3068
44,e,v4,8110
44,e,v6,4462
44,e,v1,4789
44,e,v5,13717
44,f,v6,5749
44,f,v5,311
44,f,v3,12322
44,f,v4,2770
44,g,v1,8980
44,g,v5,2452
44,g,v3,541
44,g,v4,3381
44,h,v6,4913
44,h,v5,9502
44,h,v4,13738
44,h,v3,5653
44,h,v1,4955
44,i,v5,3039
44,i,v3,2665
44,i,v6,2122
44,i,v1,12864
44,i,v4,279
44,j,v2,2272
44,j,v5,9693
44,j,v3,10469
44,j,v4,1645
44,j,v1,851
44,j,v6,7946
44,k,v5,5109
44,k,v4,14666
44,k,v6,14893
44,k,v1,11609
44,k,v3,10910
45,a,v6,5891
45,a,v5,10744
45,a,v3,7646
45,a,v4,5057
45,a,v1,442
45,b,v5,1554
45,b,v4,23
45,b,v8,8194
45,b,v6,5972
45,b,v1,4399
45,b,v3,4267
45,c,v4,838
45,c,v5,7284
45,c,v1,14041
45,c,v3,9997
45,c,v6,34
45,d,v3,81
45,d,v6,296
45,d,v5,8021
45,d,v4,3222
45,e,v1,12877
45,e,v3,9414
45,e,v6,379
45,e,v4,8094
45,e,v5,13366
45,f,v6,10456
45,f,v4,6135
45,f,v3,5296
45,f,v5,6139
45,g,v6,2618
45,g,v1,3159
45,g,v4,9569
45,g,v3,3459
45,g,v5,2995
45,h,v5,3055
45,h,v6,3545
45,h,v1,13245
45,h,v4,4329
45,h,v3,6157
45,h,v7,14200
45,i,v1,6928
45,i,v6,14116
45,i,v5,837
45,i,v4,3118
45,j,v4,9777
45,j,v6,11111
45,j,v2,758
45,j,v1,3949
45,j,v3,3849
45,j,v5,7349
45,k,v1,5357
45,k,v5,11406
45,k,v2,8496
45,k,v3,4404
45,k,v8,2877
45,k,v4,1029
45,k,v6,7095
46,a,v6,12353
46,a,v5,4265
46,a,v3,2317
46,a,v4,1333
46,a,v1,1028
46,b,v3,13518
46,b,v4,3408
46,b,v1,14308
46,b,v5,8000
46,b,v6,11960
46,c,v6,12096
46,c,v8,5371
46,c,v3,967
46,c,v4,12932
46,c,v5,9945
46,c,v1,12285
46,c,v2,3865
46,d,v4,11866
46,d,v3,7604
46,d,v1,12123
46,d,v6,13504
46,d,v5,14316
46,e,v4,14823
46,e,v6,4362
46,e,v1,4768
46,e,v5,3970
46,e,v3,1093
46,f,v4,10503
46,f,v6,8616
46,g,v3,6529
46,g,v4,1054
46,g,v1,9051
46,g,v5,14516
46,g,v6,4854
46,h,v4,10781
46,h,v5,6233
46,h,v1,12504
46,h,v3,4089
46,h,v6,2672
46,h,v7,4719
46,i,v4,7294
46,i,v5,11391
46,i,v7,13533
46,i,v6,14036
46,i,v3,5020
46,i,v1,12732
46,j,v4,7677
46,j,v6,10240
46,j,v1,9984
46,j,v5,10260
46,j,v2,992
46,j,v3,1241
46,k,v9,7500
46,k,v6,5044
46,k,v3,6487
46,k,v5,2197
46,k,v4,540
46,k,v1,9676
47,a,v4,10621
47,a,v6,8382
47,a,v3,12
47,a,v1,6236
47,a,v5,9533
47,b,v4,4478
47,b,v5,14387
47,b,v6,12111
47,b,v3,11588
47,c,v3,1821
47,c,v6,627
47,c,v4,7239
47,c,v5,1037
47,c,v1,14312
47,c,v2,7734
47,d,v5,8117
47,d,v3,14710
47,d,v4,9837
47,d,v1,13176
47,e,v4,7356
47,e,v6,7012
47,e,v1,13465
47,e,v5,7333
47,f,v5,9351
47,f,v4,9837
47,g,v4,3954
47,g,v3,13628
47,g,v1,10053
47,g,v2,14904
47,g,v5,11590
47,h,v4,10208
47,h,v7,12797
47,h,v6,12260
47,h,v1,7110
47,h,v3,11102
47,h,v5,8626
47,i,v5,8417
47,i,v1,6080
47,i,v4,2188
47,j,v4,992
47,j,v5,14185
47,j,v3,3755
47,j,v6,9649
47,j,v2,13669
47,j,v1,4638
47,k,v2,5479
47,k,v3,12052
47,k,v9,8159
47,k,v4,1322
47,k,v1,3248
47,k,v5,5305
47,k,v6,6378
48,a,v1,10109
48,a,v5,1391
48,a,v6,1042
48,a,v3,9408
48,a,v4,10087
48,b,v5,14998
48,b,v1,2727
48,b,v4,989
48,b,v6,4208
48,b,v3,11948
48,c,v4,6908
48,c,v1,5792
48,c,v6,8885
48,c,v3,14019
48,c,v5,12147
48,c,v2,14510
48,d,v6,3207
48,d,v4,480
48,d,v3,9541
48,d,v1,5071
48,d,v5,9164
48,e,v6,12157
48,e,v3,7998
48,e,v4,12736
48,e,v1,1691
48,e,v5,1299
48,f,v6,257
48,f,v4,12678
48,f,v5,2117
48,g,v6,201
48,g,v3,4178
48,g,v4,1713
48,g,v9,1727
48,g,v5,11335
48,h,v6,5617
48,h,v7,8560
48,h,v3,12271
48,h,v1,2152
48,h,v5,7349
48,h,v4,2888
48,i,v1,3357
48,i,v4,12908
48,i,v6,10298
48,i,v5,12383
48,j,v3,6120
48,j,v2,7334
48,j,v4,14776
48,j,v6,764
48,j,v1,8185
48,j,v5,6771
48,k,v6,7405
48,k,v5,12060
48,k,v7,6733
48,k,v1,1560
48,k,v3,6537
48,k,v9,14101
48,k,v4,9180
49,a,v6,571
49,a,v4,14606
49,a,v5,13494
49,a,v1,5071
49,a,v3,14460
49,b,v4,10026
49,b,v5,9635
49,b,v3,2787
49,b,v6,5782
49,c,v2,671
49,c,v8,9285
49,c,v1,13375
49,c,v4,5719
49,c,v5,9599
49,c,v3,3457
49,c,v6,10690
49,d,v6,11772
49,d,v4,10531
49,d,v3,4525
49,d,v5,11897
49,d,v1,7374
49,e,v1,11609
49,e,v5,9301
49,e,v6,2536
49,e,v3,4531
49,e,v4,3371
49,f,v5,2489
49,f,v6,12341
49,f,v4,5681
49,g,v4,5356
49,g,v5,4948
49,g,v1,9271
49,g,v3,626
49,h,v1,10176
49,h,v6,7747
49,h,v4,6514
49,h,v3,10097
49,h,v5,5875
49,i,v1,4274
49,i,v5,3202
49,i,v6,9266
49,i,v4,6563
49,j,v2,10304
49,j,v3,14487
49,j,v4,4598
49,j,v6,2414
49,j,v5,9037
49,j,v1,2788
49,k,v6,624
49,k,v1,13448
49,k,v4,12541
49,k,v3,7999
49,k,v5,949
50,a,v3,3498
50,a,v4,10520
50,a,v6,2361
50,a,v5,10704
50,a,v1,1399
50,b,v3,8736
50,b,v6,6948
50,b,v1,3080
50,b,v5,3672
50,b,v4,11192
50,c,v3,5113
50,c,v6,4040
50,c,v1,9204
50,c,v5,4695
50,c,v2,13466
50,c,v4,14544
50,d,v4,11770
50,d,v1,9377
50,d,v5,14744
50,d,v3,10908
50,e,v1,13959
50,e,v4,9075
50,e,v6,13265
50,e,v5,7471
50,e,v3,6354
50,f,v4,11097
50,f,v5,8217
50,f,v6,12069
50,g,v4,11171
50,g,v3,6479
50,g,v6,4659
50,g,v5,12759
50,h,v1,1332
50,h,v5,8405
50,h,v4,12477
50,h,v3,10582
50,h,v6,52
50,i,v3,11456
50,i,v1,3807
50,i,v5,7018
50,i,v4,13735
50,j,v6,12513
50,j,v5,445
50,j,v4,8028
50,j,v2,7390
50,j,v1,10370
50,j,v3,1638
50,k,v5,6825
50,k,v1,8246
50,k,v4,4178
50,k,v6,11819
50,k,v7,3053
50,k,v3,5245
51,a,v4,6975
51,a,v3,795
51,a,v5,10989
51,a,v6,3342
51,a,v1,14204
51,b,v1,2597
51,b,v7,8501
51,b,v6,6103
51,b,v5,8504
51,b,v3,7687
51,b,v4,13107
51,c,v6,5650
51,c,v5,2423
51,c,v1,6530
51,c,v4,7280
51,c,v2,4730
51,c,v3,2600
51,d,v3,10138
51,d,v1,5458
51,d,v5,3980
51,d,v4,14477
51,e,v6,2472
51,e,v5,13460
51,e,v4,6671
51,e,v1,4421
51,e,v3,1465
51,f,v4,3028
51,f,v6,3178
51,f,v5,3932
51,g,v4,11751
51,g,v3,2913
51,g,v5,5050
51,h,v7,13718
51,h,v5,14682
51,h,v3,3669
51,h,v6,4698
51,h,v4,12889
51,i,v5,10708
51,i,v1,13383
51,i,v4,13721
51,i,v6,535
51,j,v2,11628
51,j,v3,13953
51,j,v1,7514
51,j,v6,10262
51,j,v4,9287
51,j,v5,5802
51,k,v6,14192
51,k,v1,14981
51,k,v4,3277
51,k,v8,9376
51,k,v5,4907
51,k,v3,11154
52,a,v4,6423
52,a,v1,13809
52,a,v6,11503
52,a,v5,7464
52,a,v3,3196
52,b,v6,4104
52,b,v4,3932
52,b,v5,9090
52,b,v3,14416
52,c,v5,9726
52,c,v6,2432
52,c,v2,3528
52,c,v1,11887
52,c,v4,5095
52,c,v3,9716
52,d,v4,2369
52,d,v3,5607
52,d,v5,7675
52,d,v1,407
52,e,v3,8380
52,e,v4,13400
52,e,v5,2663
52,e,v1,14572
52,e,v7,5250
52,e,v6,9773
52,f,v6,2762
52,f,v8,7765
52,f,v5,11860
52,f,v4,9131
52,g,v3,4771
52,g,v4,6744
52,g,v1,4784
52,g,v6,4730
52,g,v5,11757
52,h,v6,853
52,h,v5,5397
52,h,v3,12028
52,h,v7,2705
52,h,v4,10211
52,i,v5,3818
52,i,v6,7435
52,i,v1,10170
52,i,v4,8262
52,j,v6,13898
52,j,v2,12192
52,j,v4,11144
52,j,v3,10129
52,j,v5,13296
52,j,v1,9766
52,k,v6,5467
52,k,v5,6068
52,k,v4,8583
52,k,v1,343
52,k,v3,3912
53,a,v6,5136
53,a,v3,12795
53,a,v5,7055
53,a,v1,13757
53,a,v4,7934
53,b,v7,5246
53,b,v4,8881
53,b,v3,6375
53,b,v6,574
53,b,v5,3167
53,b,v1,7521
53,c,v3,4703
53,c,v5,12920
53,c,v4,6396
53,c,v1,13182
53,c,v2,4565
53,c,v6,13851
53,d,v3,1202
53,d,v6,6010
53,d,v5,869
53,d,v4,6354
53,d,v1,5595
53,e,v4,8811
53,e,v3,11881
53,e,v6,190
53,e,v5,12514
53,e,v1,672
53,f,v4,10716
53,f,v5,3017
53,f,v6,13362
53,g,v4,10336
53,h,v4,5758
53,h,v1,6928
53,h,v3,5059
53,h,v5,9120
53,i,v1,7961
53,i,v6,5009
53,i,v4,8902
53,i,v5,2878
53,j,v2,3549
53,j,v1,12752
53,j,v5,9569
53,j,v4,12691
53,j,v6,5730
53,k,v6,10889
53,k,v1,10625
53,k,v3,2996
53,k,v2,8769
53,k,v5,4156
53,k,v4,3060
53,k,v7,10110
54,a,v5,8940
54,a,v6,14782
54,a,v3,249
54,a,v4,11603
54,a,v1,3798
54,b,v5,5414
54,b,v3,758
54,b,v4,4811
54,b,v1,12703
54,b,v6,11516
54,c,v6,6170
54,c,v1,13988
54,c,v5,2282
54,c,v2,1650
54,c,v8,9750
54,c,v3,1614
54,c,v4,8609
54,d,v1,13006
54,d,v5,1678
54,d,v3,2503
54,d,v4,5807
54,d,v6,2225
54,e,v1,708
54,e,v6,6722
54,e,v4,7557
54,e,v3,7283
54,e,v5,6110
54,f,v4,8752
54,f,v5,13154
54,f,v6,559
54,g,v4,8937
54,g,v5,3572
54,g,v6,6289
54,g,v3,5293
54,h,v1,13981
54,h,v4,6885
54,h,v3,6449
54,h,v6,7435
54,h,v5,9779
54,i,v6,5981
54,i,v5,4635
54,i,v1,8794
54,i,v7,10573
54,i,v3,11817
54,i,v4,9232
54,j,v1,14449
54,j,v2,4812
54,j,v4,9269
54,j,v6,8005
54,j,v5,10645
54,j,v3,4680
54,k,v5,12981
54,k,v1,8285
54,k,v7,10524
54,k,v3,14807
54,k,v4,8322
54,k,v6,14353
55,a,v6,6046
55,a,v3,12898
55,a,v4,6098
55,a,v5,4398
55,a,v1,9027
55,b,v1,1350
55,b,v3,14150
55,b,v4,9433
55,b,v5,14932
55,b,v6,11875
55,c,v6,8680
55,c,v1,11208
55,c,v4,9576
55,c,v2,3802
55,c,v5,12202
55,c,v3,7505
55,d,v6,14191
55,d,v5,12034
55,d,v4,14189
55,d,v3,4269
55,e,v1,5307
55,e,v4,14722
55,e,v6,10342
55,e,v5,14382
55,e,v3,7544
55,f,v5,9466
55,f,v4,910
55,f,v6,13679
55,g,v4,9546
55,g,v1,10610
55,g,v3,7230
55,g,v5,9120
55,h,v5,11408
55,h,v3,8013
55,h,v6,12027
55,h,v4,11464
55,h,v1,13126
55,i,v1,6740
55,i,v6,1700
55,i,v5,14035
55,i,v4,12354
55,j,v5,8696
55,j,v4,6065
55,j,v6,7226
55,j,v1,9291
55,j,v2,4982
55,j,v3,2212
55,k,v7,12978
55,k,v1,6178
55,k,v4,4164
55,k,v5,9271
55,k,v3,2349
55,k,v6,2477
56,a,v4,12663
56,a,v6,2163
56,a,v5,8911
56,a,v1,8160
56,a,v3,5972
56,b,v3,2770
56,b,v4,13271
56,b,v5,7144
56,b,v6,8302
56,c,v2,6662
56,c,v6,10764
56,c,v4,3696
56,c,v3,14695
56,c,v5,770
56,c,v1,8130
56,d,v1,5837
56,d,v4,11962
56,d,v6,2972
56,d,v3,4228
56,d,v5,2538
56,e,v4,12725
56,e,v3,792
56,e,v1,2629
56,e,v5,1495
56,e,v6,2042
56,f,v6,329
56,f,v4,13659
56,f,v5,10629
56,g,v4,5378
56,g,v6,6093
56,g,v3,8215
56,g,v1,3881
56,g,v5,5845
56,h,v6,14477
56,h,v5,8341
56,h,v4,1806
56,h,v1,925
56,h,v3,9321
56,h,v7,10111
56,i,v4,7366
56,i,v5,37
56,i,v1,81
56,i,v6,6564
56,j,v6,9576
56,j,v5,1907
56,j,v1,4856
56,j,v2,5847
56,j,v3,14341
56,j,v4,4355
56,k,v4,3909
56,k,v9,201
56,k,v3,4213
56,k,v6,2866
56,k,v7,8755
56,k,v5,7782
56,k,v1,13406
57,a,v1,9361
57,a,v4,1974
57,a,v5,7657
57,a,v6,375
57,a,v3,6954
57,b,v3,2162
57,b,v4,475
57,b,v6,10322
57,b,v5,114
57,c,v4,5215
57,c,v3,773
57,c,v1,8204
57,c,v8,6910
57,c,v5,939
57,c,v2,9845
57,c,v6,7403
57,d,v4,6029
57,d,v5,11228
57,d,v3,11445
57,d,v1,13483
57,d,v6,2814
57,e,v3,14401
57,e,v5,5388
57,e,v4,5883
57,e,v6,5097
57,e,v1,7618
57,f,v5,9224
57,f,v6,14208
57,f,v4,6880
57,g,v4,5018
57,g,v1,1196
57,g,v6,13395
57,g,v3,7937
57,g,v5,6313
57,h,v4,14640
57,h,v1,7013
57,h,v5,814
57,h,v3,6184
57,i,v6,1761
57,i,v4,11541
57,i,v5,6177
57,i,v1,6924
57,j,v2,1298
57,j,v5,6023
57,j,v1,1920
57,j,v3,6631
57,j,v6,11920
57,j,v4,2561
57,k,v6,12925
57,k,v4,13275
57,k,v5,8789
57,k,v1,5408
57,k,v3,5110
57,k,v9,14540
58,a,v5,6623
58,a,v4,12205
58,a,v1,4271
58,a,v6,14513
58,a,v3,9091
58,b,v4,3994
58,b,v6,4165
58,b,v5,5479
58,b,v3,12216
58,c,v2,7790
58,c,v3,7028
58,c,v1,5804
58,c,v5,13958
58,c,v4,8510
58,c,v6,13998
58,d,v1,14397
58,d,v4,73
58,d,v5,12775
58,d,v3,11700
58,e,v4,10947
58,e,v1,11569
58,e,v6,14538
58,e,v5,2587
58,e,v3,9657
58,f,v6,5385
58,f,v5,14858
58,f,v4,2794
58,g,v4,13226
58,g,v5,5580
58,h,v6,14231
58,h,v4,13943
58,h,v1,3546
58,h,v5,5346
58,h,v3,9619
58,i,v5,7269
58,i,v6,6444
58,i,v7,4217
58,i,v4,13349
58,i,v1,12165
58,j,v1,141
58,j,v3,5894
58,j,v2,6542
58,j,v5,7028
58,j,v6,10839
58,j,v4,4185
58,k,v4,8769
58,k,v6,10439
58,k,v5,4781
58,k,v3,10188
58,k,v1,3966
59,a,v1,14
59,a,v6,7300
59,a,v3,6787
59,a,v5,6457
59,a,v4,12289
59,b,v5,14398
59,b,v6,12883
59,b,v3,12920
59,b,v4,10489
59,c,v3,12701
59,c,v4,727
59,c,v6,12400
59,c,v5,14458
59,c,v2,8593
59,d,v6,9075
59,d,v3,4690
59,d,v4,1136
59,d,v5,2011
59,d,v1,422
59,e,v1,10883
59,e,v6,5299
59,e,v5,6333
59,e,v3,13386
59,e,v4,6714
59,f,v5,3032
59,f,v4,8300
59,f,v6,7987
59,g,v5,3610
59,g,v4,8983
59,g,v6,13686
59,h,v4,750
59,h,v6,13058
59,h,v1,10389
59,h,v3,3429
59,h,v5,8317
59,i,v4,13366
59,i,v5,10524
59,i,v6,10080
59,i,v1,14495
59,j,v4,6216
59,j,v5,1521
59,j,v3,7515
59,j,v6,4872
59,j,v1,3503
59,j,v2,14820
59,k,v6,7579
59,k,v1,5467
59,k,v3,3511
59,k,v7,7379
59,k,v5,5327
59,k,v4,5159
60,a,v1,14534
60,a,v6,10468
60,a,v5,769
60,a,v3,1959
60,a,v4,7750
60,b,v4,55
60,b,v6,1087
60,b,v5,11647
60,b,v3,7299
60,b,v1,4919
60,c,v6,1776
60,c,v1,9157
60,c,v5,13610
60,c,v2,3975
60,c,v4,3915
60,c,v3,9363
60,d,v6,704
60,d,v4,3973
60,d,v3,5115
60,d,v5,9517
60,e,v6,2682
60,e,v3,635
60,e,v5,8233
60,e,v4,1555
60,e,v1,12323
60,f,v5,13124
60,f,v4,12725
60,f,v6,11836
60,g,v5,11428
60,g,v4,3763
60,g,v6,10510
60,g,v1,1740
60,g,v3,1155
60,h,v1,10707
60,h,v3,6234
60,h,v4,2214
60,h,v5,2403
60,h,v6,12233
60,i,v6,2470
60,i,v5,4816
60,i,v4,6323
60,i,v1,4022
60,j,v3,9592
60,j,v6,8437
60,j,v4,7529
60,j,v1,12206
60,j,v2,7502
60,j,v5,9825
60,k,v5,6760
60,k,v1,9993
60,k,v4,9451
60,k,v3,5016
60,k,v6,1526
61,a,v6,4213
61,a,v3,13947
61,a,v1,12902
61,a,v4,1966
61,a,v7,3790
61,a,v5,10075
61,b,v6,5927
61,b,v4,1947
61,b,v5,10608
61,b,v3,6148
61,c,v3,9138
61,c,v2,13587
61,c,v4,14797
61,c,v5,8426
61,c,v1,14401
61,c,v6,6578
61,d,v5,2862
61,d,v1,7251
61,e,v4,5157
61,e,v5,1018
61,e,v3,12039
61,e,v6,9266
61,e,v1,12978
61,f,v4,14288
61,f,v5,12062
61,f,v6,6306
61,g,v3,1029
61,g,v4,4042
61,g,v5,8536
61,h,v1,14394
61,h,v3,4586
61,h,v4,4211
61,h,v5,12602
61,i,v4,7846
61,i,v5,3679
61,i,v6,208
61,i,v1,7627
61,j,v5,7290
61,j,v4,4099
61,j,v1,8128
61,j,v3,9546
61,j,v6,11883
61,j,v2,14062
61,k,v4,1929
61,k,v3,10673
61,k,v9,6493
61,k,v6,14797
61,k,v1,13249
61,k,v5,7436
62,a,v6,14182
62,a,v1,13832
62,a,v3,13557
62,a,v4,6346
62,a,v5,4250
62,b,v5,1009
62,b,v3,13279
62,b,v6,7719
62,b,v4,10555
62,c,v3,421
62,c,v6,3875
62,c,v2,7403
62,c,v5,14958
62,c,v1,9029
62,c,v4,6533
62,d,v4,12629
62,d,v5,10349
62,d,v1,5510
62,d,v3,10385
62,e,v4,2344
62,e,v6,6277
62,e,v1,4677
62,e,v5,3428
62,f,v5,3375
62,f,v6,13925
62,f,v4,11707
62,f,v8,13960
62,g,v5,3641
62,g,v4,7104
62,h,v7,3360
62,h,v6,7699
62,h,v4,11647
62,h,v3,6578
62,h,v1,4978
62,h,v5,8543
62,i,v1,7344
62,i,v5,12884
62,i,v6,10845
62,i,v3,12109
62,i,v4,3676
62,j,v6,1918
62,j,v5,14744
62,j,v2,1929
62,j,v3,12703
62,j,v1,15
62,j,v4,203
62,k,v5,1756
62,k,v1,9986
62,k,v4,3016
62,k,v6,8219
62,k,v3,6934
63,a,v2,14648
63,a,v3,13488
63,a,v1,386
63,a,v6,5524
63,a,v5,12091
63,a,v4,847
63,b,v5,14353
63,b,v4,10167
63,b,v1,3767
63,b,v6,1822
63,b,v3,4846
63,c,v1,14728
63,c,v6,12533
63,c,v2,2575
63,c,v3,12003
63,c,v4,3784
63,c,v5,3654
63,d,v4,12380
63,d,v1,8254
63,d,v6,9995
63,d,v5,9740
63,d,v3,12502
63,e,v4,5332
63,e,v3,10130
63,e,v1,1588
63,e,v6,624
63,e,v5,5397
63,f,v4,11305
63,f,v3,13915
63,f,v5,298
63,f,v6,932
63,g,v6,2398
63,g,v1,320
63,g,v5,8575
63,g,v3,698
63,g,v4,3565
63,h,v3,10667
63,h,v1,2858
63,h,v6,6993
63,h,v4,707
63,h,v5,4376
63,h,v7,14741
63,i,v5,8477
63,i,v1,10669
63,i,v4,5540
63,i,v6,955
63,j,v2,2744
63,j,v4,11757
63,j,v3,14591
63,j,v5,1503
63,j,v6,11210
63,j,v1,9764
63,k,v9,11389
63,k,v4,5176
63,k,v7,5901
63,k,v3,6804
63,k,v6,6366
63,k,v1,12723
63,k,v5,10408
64,a,v3,11319
64,a,v1,13358
64,a,v5,12052
64,a,v4,9913
64,a,v6,1747
64,b,v6,4301
64,b,v3,4456
64,b,v4,11278
64,b,v5,3401
64,c,v8,14156
64,c,v4,696
64,c,v6,14232
64,c,v1,6114
64,c,v5,7772
64,c,v3,635
64,c,v2,11095
64,d,v4,6780
64,e,v5,1440
64,e,v1,765
64,e,v3,13386
64,e,v4,5707
64,e,v6,11831
64,f,v4,9855
64,f,v5,1603
64,f,v6,2698
64,g,v4,5181
64,g,v1,9990
64,g,v5,3361
64,g,v3,12798
64,g,v6,10027
64,h,v1,1954
64,h,v5,14236
64,h,v3,8529
64,h,v4,9833
64,h,v6,4681
64,i,v1,7456
64,i,v5,6926
64,i,v4,288
64,i,v6,1154
64,j,v1,1438
64,j,v6,9025
64,j,v5,1553
64,j,v3,8145
64,j,v4,13167
64,j,v2,13298
64,k,v4,10135
64,k,v1,12273
64,k,v5,23
64,k,v6,9856
64,k,v3,10658
65,a,v6,6683
65,a,v5,8758
65,a,v4,14052
65,a,v3,1661
65,a,v1,7514
65,b,v4,9956
65,b,v5,9540
65,b,v6,4614
65,b,v3,5643
65,c,v2,8238
65,c,v3,4293
65,c,v6,8008
65,c,v5,9643
65,c,v1,221
65,c,v4,360
65,d,v3,2284
65,d,v4,2534
65,d,v5,4569
65,d,v6,86
65,e,v4,10012
65,e,v1,9838
65,e,v3,11098
65,e,v5,1742
65,e,v6,14067
65,f,v4,7942
65,f,v6,14143
65,f,v5,5272
65,g,v4,13470
65,g,v1,12375
65,g,v5,13603
65,g,v3,13129
65,h,v4,9649
65,h,v3,14513
65,h,v5,8082
65,h,v1,4207
65,h,v7,6982
65,h,v6,3039
65,i,v4,11290
65,i,v1,1242
65,i,v6,4803
65,i,v5,7964
65,j,v4,1000
65,j,v1,3185
65,j,v5,13198
65,j,v2,3099
65,j,v6,4810
65,j,v3,304
65,k,v1,13372
65,k,v5,1259
65,k,v4,989
65,k,v3,5632
65,k,v6,13758
66,a,v4,7946
66,a,v6,9627
66,a,v3,9282
66,a,v1,4370
66,a,v5,3312
66,b,v3,13672
66,b,v1,3121
66,b,v6,10289
66,b,v4,12858
66,b,v5,2440
66,c,v7,9865
66,c,v3,10133
66,c,v2,11355
66,c,v5,2868
66,c,v4,11337
66,c,v6,8628
66,c,v1,385
66,d,v4,8958
66,d,v5,9276
66,e,v6,5988
66,e,v4,2079
66,e,v1,1723
66,e,v5,2445
66,f,v4,1643
66,f,v6,845
66,g,v6,9884
66,g,v3,14718
66,g,v5,3525
66,g,v4,7086
66,h,v6,6190
66,h,v4,4652
66,h,v5,12658
66,h,v3,3692
66,h,v1,3878
66,i,v6,14927
66,i,v3,3735
66,i,v1,10299
66,i,v4,14096
66,i,v5,1
66,j,v1,2323
66,j,v5,12203
66,j,v3,8251
66,j,v2,5247
66,j,v6,12677
66,j,v4,849
66,k,v9,13922
66,k,v4,7710
66,k,v3,5426
66,k,v6,1763
66,k,v5,7167
66,k,v1,13797
67,a,v4,5822
67,a,v5,8173
67,a,v6,4410
67,a,v3,1818
67,a,v1,12477
67,b,v6,4109
67,b,v1,1088
67,b,v5,9452
67,b,v4,12964
67,b,v3,9975
67,c,v3,14408
67,c,v2,13966
67,c,v4,2273
67,c,v5,7753
67,c,v1,12663
67,c,v6,2636
67,d,v4,2234
67,d,v3,11845
67,d,v5,12921
67,e,v5,12807
67,e,v6,12936
67,e,v3,815
67,e,v1,7535
67,e,v4,6775
67,f,v6,13829
67,f,v4,14751
67,f,v5,8220
67,g,v1,11053
67,g,v4,1248
67,g,v5,14252
67,g,v3,4792
67,h,v6,4838
67,h,v3,10817
67,h,v5,14534
67,h,v4,3171
67,h,v1,9129
67,i,v6,13440
67,i,v4,7653
67,i,v1,1067
67,i,v5,10290
67,j,v1,4432
67,j,v5,3121
67,j,v3,3568
67,j,v2,5142
67,j,v4,11695
67,j,v6,11698
67,k,v5,13842
67,k,v1,10366
67,k,v6,6224
67,k,v3,1117
67,k,v4,10204
68,a,v1,12843
68,a,v5,14785
68,a,v3,14790
68,a,v4,4783
68,a,v6,2945
68,b,v1,11517
68,b,v6,10589
68,b,v4,9476
68,b,v5,10734
68,b,v3,7204
68,c,v1,7092
68,c,v3,9180
68,c,v5,3524
68,c,v6,7000
68,c,v4,8255
68,c,v2,4482
68,d,v6,11589
68,d,v3,13070
68,d,v4,12959
68,d,v5,7769
68,e,v5,6136
68,e,v1,11242
68,e,v3,8798
68,e,v4,5406
68,e,v6,10995
68,f,v4,138
68,f,v6,13276
68,f,v5,10180
68,g,v4,7229
68,g,v3,4607
68,g,v5,13708
68,h,v1,7960
68,h,v5,4236
68,h,v6,14684
68,h,v4,14152
68,h,v3,4867
68,i,v5,9820
68,i,v1,2692
68,i,v6,4577
68,i,v4,4186
68,j,v3,4256
68,j,v1,7447
68,j,v2,5582
68,j,v5,2212
68,j,v6,14690
68,j,v4,7067
68,k,v1,9238
68,k,v4,6034
68,k,v6,7795
68,k,v7,5221
68,k,v3,12989
68,k,v5,714
69,a,v1,11897
69,a,v4,14728
69,a,v6,10656
69,a,v5,718
69,a,v3,5443
69,b,v4,5388
69,b,v6,5924
69,b,v3,5150
69,b,v5,349
69,c,v1,1792
69,c,v2,3760
69,c,v5,1154
69,c,v4,5378
69,c,v6,3951
69,c,v3,14398
69,d,v4,3778
69,e,v6,13061
69,e,v5,12358
69,e,v4,8326
69,e,v1,9047
69,e,v3,13581
69,f,v6,7924
69,f,v5,13259
69,f,v4,6341
69,g,v6,5649
69,g,v4,3894
69,g,v5,2770
69,g,v1,1275
69,g,v3,9147
69,h,v6,2887
69,h,v4,14397
69,h,v5,13136
69,h,v3,9064
69,i,v1,1544
69,i,v5,2449
69,i,v3,3598
69,i,v4,8424
69,j,v3,11418
69,j,v2,1880
69,j,v1,3760
69,j,v5,8849
69,j,v4,8012
69,j,v6,10521
69,k,v7,5504
69,k,v4,8386
69,k,v1,13363
69,k,v6,7850
69,k,v3,11021
69,k,v5,2509
69,k,v9,1057
69,k,v2,10859
70,a,v4,7601
70,a,v1,14879
70,a,v5,11019
70,a,v3,5754
70,a,v6,2473
70,b,v1,12522
70,b,v5,13463
70,b,v3,12698
70,b,v6,8234
70,b,v4,330
70,c,v3,987
70,c,v4,4300
70,c,v6,10436
70,c,v5,8413
70,c,v1,4834
70,c,v2,6251
70,d,v5,2501
70,d,v6,12388
70,d,v3,6893
70,d,v4,7726
70,d,v1,12074
70,e,v1,2503
70,e,v4,4477
70,e,v6,6948
70,e,v3,685
70,e,v5,7313
70,f,v6,2232
70,f,v5,4434
70,f,v4,3698
70,g,v4,9305
70,g,v5,14196
70,g,v3,738
70,h,v4,6284
70,h,v1,5861
70,h,v6,4451
70,h,v7,13824
70,h,v5,222
70,h,v3,2787
70,i,v7,177
70,i,v1,10549
70,i,v4,1507
70,i,v6,1360
70,i,v5,13967
70,j,v3,4763
70,j,v6,10064
70,j,v2,14851
70,j,v5,14802
70,j,v4,5487
70,j,v1,13805
70,k,v1,9889
70,k,v3,10876
70,k,v4,9977
70,k,v7,772
70,k,v9,10951
70,k,v5,7026
70,k,v6,12644
71,a,v5,1236
71,a,v4,11735
71,a,v3,14803
71,a,v1,10880
71,a,v6,9180
71,b,v6,2364
71,b,v4,12953
71,b,v5,14829
71,b,v3,11335
71,c,v3,10981
71,c,v5,12344
71,c,v2,1316
71,c,v1,1943
71,c,v4,13326
71,c,v6,10521
71,d,v3,7777
71,d,v4,8680
71,d,v6,6982
71,e,v3,5727
71,e,v1,1501
71,e,v5,5240
71,e,v6,1211
71,e,v4,1143
71,f,v4,37
71,f,v6,11432
71,g,v6,4103
71,g,v1,717
71,g,v5,13145
71,g,v4,9727
71,g,v3,14601
71,h,v1,3570
71,h,v6,12195
71,h,v5,3492
71,h,v4,10786
71,h,v3,8206
71,i,v1,3834
71,i,v4,6903
71,i,v5,14636
71,i,v6,8050
71,j,v2,5860
71,j,v6,3853
71,j,v1,1106
71,j,v4,8399
71,j,v5,7032
71,k,v5,1938
71,k,v1,9217
71,k,v3,11868
71,k,v4,2460
71,k,v6,7235
72,a,v5,10930
72,a,v1,10847
72,a,v3,9268
72,a,v6,3244
72,a,v4,10855
72,b,v6,6463
72,b,v5,14052
72,b,v4,2482
72,b,v1,12873
72,b,v3,10577
72,c,v3,12478
72,c,v6,5169
72,c,v1,2995
72,c,v5,9887
72,c,v4,7031
72,c,v2,4428
72,d,v4,6338
72,d,v3,6044
72,d,v5,2211
72,e,v4,4472
72,e,v6,11994
72,e,v1,13722
72,e,v5,4734
72,e,v3,5351
72,f,v6,11025
72,f,v5,2767
72,f,v4,1303
72,g,v5,5749
72,g,v4,7610
72,g,v3,8097
72,h,v4,14317
72,h,v5,2632
72,h,v1,4548
72,h,v3,9219
72,h,v6,12806
72,i,v6,9748
72,i,v5,4202
72,i,v1,3424
72,i,v4,1044
72,j,v1,3389
72,j,v4,7466
72,j,v2,1408
72,j,v6,12376
72,j,v5,5020
72,k,v3,888
72,k,v6,14398
72,k,v5,143
72,k,v4,8465
72,k,v1,9585
73,a,v3,14222
73,a,v5,2771
73,a,v1,2498
73,a,v6,12805
73,a,v4,4886
73,b,v5,8737
73,b,v6,6659
73,b,v1,10056
73,b,v3,1169
73,b,v4,8431
73,c,v8,13325
73,c,v2,1087
73,c,v5,9622
73,c,v1,9343
73,c,v3,5821
73,c,v6,3589
73,c,v4,3140
73,d,v1,5531
73,d,v5,14621
73,d,v4,13306
73,d,v3,9618
73,e,v1,5311
73,e,v6,11403
73,e,v4,6526
73,e,v5,12454
73,e,v3,1000
73,f,v6,8277
73,f,v5,7243
73,f,v4,9135
73,g,v3,10742
73,g,v5,3903
73,g,v4,12493
73,g,v1,10690
73,g,v6,4854
73,h,v5,9847
73,h,v4,1497
73,h,v3,6324
73,h,v6,1660
73,h,v1,2380
73,i,v4,7746
73,i,v1,14945
73,i,v5,5573
73,i,v6,13742
73,j,v5,12003
73,j,v6,12420
73,j,v2,2337
73,j,v1,13927
73,j,v4,12775
73,j,v3,13407
73,k,v6,6956
73,k,v1,2244
73,k,v4,8455
73,k,v5,417
73,k,v3,7381
74,a,v4,5013
74,a,v1,13388
74,a,v5,12125
74,a,v3,2216
74,a,v6,8629
74,b,v3,14340
74,b,v4,11732
74,b,v6,9677
74,b,v5,9955
74,c,v2,4629
74,c,v6,10241
74,c,v3,924
74,c,v4,8497
74,c,v1,5012
74,c,v5,9307
74,d,v5,6684
74,d,v6,6409
74,d,v1,11069
74,d,v4,9557
74,e,v4,11250
74,e,v6,2387
74,e,v3,7302
74,e,v1,8418
74,e,v5,6591
74,f,v4,1647
74,f,v5,14749
74,f,v6,877
74,g,v3,6840
74,g,v6,2983
74,g,v5,8421
74,g,v4,841
74,h,v1,14057
74,h,v6,6061
74,h,v4,7872
74,h,v3,1138
74,h,v7,7710
74,h,v5,2397
74,i,v1,2172
74,i,v4,4599
74,i,v5,1839
74,i,v6,3111
74,j,v6,3681
74,j,v1,4484
74,j,v2,13704
74,j,v5,4911
74,j,v4,9720
74,k,v6,10464
74,k,v8,14355
74,k,v3,98
74,k,v1,12004
74,k,v4,9527
74,k,v7,10587
74,k,v5,5520
75,a,v1,14157
75,a,v4,3976
75,a,v5,11827
75,a,v3,12021
75,a,v6,12731
75,b,v3,4605
75,b,v6,237
75,b,v5,2052
75,b,v4,14268
75,c,v3,14988
75,c,v1,7773
75,c,v5,988
75,c,v6,14628
75,c,v4,374
75,d,v3,5828
75,d,v4,1050
75,d,v6,5906
75,d,v5,9938
75,e,v5,7362
75,e,v1,4516
75,e,v4,9536
75,e,v6,8568
75,f,v4,3788
75,f,v5,12666
75,f,v6,14751
75,g,v1,8405
75,g,v6,1961
75,g,v3,11441
75,g,v4,6766
75,h,v4,9801
75,h,v6,13621
75,h,v1,9278
75,h,v5,13031
75,h,v3,2285
75,h,v7,11557
75,i,v1,9316
75,i,v6,3350
75,i,v5,1068
75,i,v4,9176
75,j,v1,9276
75,j,v2,10699
75,j,v6,815
75,j,v5,5889
75,j,v4,2366
75,j,v3,6016
75,k,v4,6920
75,k,v5,8402
75,k,v1,1956
75,k,v3,9933
75,k,v6,4456
76,a,v4,2201
76,a,v3,12712
76,a,v6,7922
76,a,v5,5857
76,a,v1,13391
76,b,v6,8529
76,b,v5,12325
76,b,v4,11043
76,b,v3,14153
76,c,v6,2854
76,c,v4,10135
76,c,v1,5829
76,c,v2,11222
76,c,v5,3898
76,c,v3,3170
76,d,v3,5126
76,d,v4,14495
76,d,v6,8016
76,d,v5,2356
76,e,v1,6669
76,e,v5,4537
76,e,v6,11472
76,e,v4,14707
76,f,v3,2293
76,f,v5,4611
76,f,v4,592
76,f,v6,12391
76,g,v4,11077
76,g,v6,2739
76,h,v4,10894
76,h,v5,11125
76,h,v3,6065
76,h,v6,764
76,i,v6,1921
76,i,v4,1095
76,i,v1,8903
76,i,v5,1335
76,j,v4,1743
76,j,v5,11174
76,j,v2,9951
76,j,v6,1662
76,j,v1,12806
76,j,v3,235
76,k,v6,8791
76,k,v1,4138
76,k,v9,11529
76,k,v4,3135
76,k,v3,14729
76,k,v7,10851
76,k,v5,6701
77,a,v5,5498
77,a,v4,5385
77,a,v1,4623
77,a,v3,2940
77,a,v6,8060
77,b,v6,5026
77,b,v3,6361
77,b,v5,12727
77,b,v4,9989
77,c,v5,13446
77,c,v2,14348
77,c,v6,2874
77,c,v1,1967
77,c,v4,14660
77,c,v3,2370
77,d,v6,1656
77,d,v4,10542
77,d,v3,10201
77,d,v1,11128
77,d,v5,5272
77,e,v3,11304
77,e,v4,7356
77,e,v5,3502
77,e,v6,4449
77,e,v1,341
77,f,v6,8745
77,f,v5,5114
77,f,v4,6669
77,g,v6,6971
77,g,v5,14861
77,g,v4,1753
77,g,v1,8106
77,h,v1,7827
77,h,v7,6122
77,h,v3,4669
77,h,v4,13103
77,h,v5,12022
77,i,v4,6564
77,i,v5,11910
77,i,v1,13410
77,i,v6,12736
77,i,v7,10962
77,j,v3,8600
77,j,v1,9727
77,j,v4,13812
77,j,v5,7312
77,j,v6,9447
77,j,v2,14396
77,k,v5,231
77,k,v1,4527
77,k,v3,1271
77,k,v4,8301
77,k,v6,13872
78,a,v5,9765
78,a,v3,3774
78,a,v6,13149
78,a,v1,10561
78,a,v4,9523
78,b,v5,3337
78,b,v3,11059
78,b,v6,3830
78,b,v1,5797
78,b,v4,9282
78,c,v1,14843
78,c,v5,12688
78,c,v2,5871
78,c,v3,6415
78,c,v4,6616
78,c,v6,3018
78,d,v4,1286
78,d,v1,5064
78,d,v3,7559
78,d,v5,14658
78,e,v1,11751
78,e,v5,681
78,e,v6,5398
78,e,v3,10920
78,e,v4,3589
78,f,v5,5914
78,f,v4,7383
78,f,v6,4048
78,g,v3,3253
78,g,v4,10252
78,g,v5,11021
78,h,v1,11635
78,h,v3,6147
78,h,v4,10523
78,h,v5,7193
78,h,v6,756
78,i,v4,8934
78,i,v3,3141
78,i,v6,11482
78,i,v5,5511
78,i,v1,2754
78,j,v1,10647
78,j,v3,4596
78,j,v2,7500
78,j,v5,10868
78,j,v4,13876
78,j,v6,9733
78,k,v9,5143
78,k,v4,115
78,k,v6,3115
78,k,v1,6592
78,k,v3,5199
78,k,v5,3777
79,a,v5,14054
79,a,v4,9052
79,a,v3,2641
79,a,v6,3814
79,a,v1,6252
79,b,v4,3785
79,b,v1,4500
79,b,v6,4017
79,b,v3,12809
79,b,v5,307
79,c,v4,1971
79,c,v5,7765
79,c,v3,11924
79,c,v6,3409
79,c,v2,11690
79,c,v1,10613
79,d,v1,4325
79,d,v4,6720
79,d,v3,12724
79,d,v5,7565
79,d,v6,3291
79,e,v1,5558
79,e,v5,10292
79,e,v6,2904
79,e,v4,12785
79,f,v4,11466
79,f,v6,11271
79,f,v5,10158
79,g,v4,3517
79,g,v3,4192
79,h,v4,489
79,h,v5,7308
79,h,v1,14651
79,h,v3,6559
79,i,v6,6306
79,i,v4,1416
79,i,v5,315
79,i,v1,3331
79,j,v2,5669
79,j,v3,404
79,j,v1,11746
79,j,v5,8219
79,j,v4,5619
79,j,v6,7453
79,k,v3,9906
79,k,v6,2739
79,k,v7,11274
79,k,v4,2463
79,k,v1,10916
79,k,v5,6479
80,a,v3,324
80,a,v4,11362
80,a,v6,1834
80,a,v1,14214
80,a,v5,11425
80,b,v6,5675
80,b,v4,7360
80,b,v5,7613
80,b,v3,1618
80,c,v6,9659
80,c,v3,2354
80,c,v2,2430
80,c,v5,13114
80,c,v4,9672
80,c,v1,6371
80,d,v1,7774
80,d,v6,11093
80,d,v3,8539
80,d,v4,11154
80,e,v3,14645
80,e,v1,3916
80,e,v5,2819
80,e,v4,7538
80,e,v6,12500
80,f,v5,323
80,f,v4,7534
80,g,v4,13193
80,g,v6,2701
80,g,v5,2556
80,h,v6,10724
80,h,v3,8176
80,h,v4,10302
80,h,v5,2322
80,h,v1,5783
80,i,v7,14769
80,i,v3,5975
80,i,v1,5510
80,i,v6,14680
80,i,v5,14851
80,i,v4,12887
80,j,v6,4539
80,j,v1,13421
80,j,v2,9862
80,j,v4,9882
80,j,v3,14554
80,j,v5,7737
80,k,v1,11866
80,k,v6,11975
80,k,v4,7540
80,k,v5,2884
80,k,v3,485
80,k,v9,2678
81,a,v5,1004
81,a,v6,12683
81,a,v4,11985
81,a,v3,11523
81,a,v1,1805
81,b,v4,7759
81,b,v5,2472
81,b,v1,14551
81,b,v3,9454
81,b,v6,8725
81,c,v4,897
81,c,v1,5776
81,c,v6,2116
81,c,v3,10216
81,c,v2,212
81,c,v5,13705
81,c,v8,8310
81,d,v1,3664
81,d,v4,6611
81,d,v3,14268
81,d,v6,2466
81,d,v5,14689
81,e,v3,3770
81,e,v5,7392
81,e,v6,14245
81,e,v4,4462
81,f,v4,13049
81,f,v6,10762
81,f,v5,4169
81,g,v5,6798
81,g,v4,4459
81,g,v6,2901
81,h,v6,6128
81,h,v4,7254
81,h,v3,11652
81,h,v5,3037
81,i,v1,5952
81,i,v4,13103
81,i,v3,6920
81,i,v5,8933
81,i,v6,242
81,j,v4,963
81,j,v2,1899
81,j,v1,7784
81,j,v6,14157
81,j,v5,10026
81,k,v3,13145
81,k,v6,9175
81,k,v5,13379
81,k,v4,1252
81,k,v1,5785
82,a,v1,3000
82,a,v5,3363
82,a,v3,9984
82,a,v6,9267
82,a,v4,3114
82,b,v6,3093
82,b,v3,14540
82,b,v4,12066
82,b,v5,3910
82,b,v1,12620
82,c,v1,731
82,c,v5,3608
82,c,v3,6143
82,c,v4,10348
82,c,v6,13852
82,d,v6,1184
82,d,v3,11431
82,d,v4,9049
82,d,v5,5700
82,d,v1,6102
82,e,v1,14937
82,e,v6,10383
82,e,v5,12636
82,e,v4,7361
82,f,v4,9015
82,f,v6,2896
82,g,v3,8153
82,g,v5,5605
82,g,v4,6388
82,h,v3,8505
82,h,v5,2003
82,h,v6,4803
82,h,v7,7498
82,h,v4,8804
82,h,v1,216
82,i,v1,11369
82,i,v4,4092
82,i,v5,10514
82,i,v6,6176
82,j,v1,2655
82,j,v6,3667
82,j,v2,13352
82,j,v5,11964
82,j,v4,13724
82,k,v1,707
82,k,v9,10277
82,k,v6,5221
82,k,v4,12122
82,k,v3,14894
82,k,v5,11069
82,k,v7,10340
83,a,v1,1291
83,a,v5,11660
83,a,v6,6351
83,a,v3,3506
83,a,v4,6302
83,b,v5,12031
83,b,v3,7290
83,b,v4,13996
83,b,v6,12876
83,c,v5,325
83,c,v2,8674
83,c,v6,1949
83,c,v4,5760
83,c,v3,8987
83,c,v1,1504
83,d,v4,641
83,d,v6,12902
83,d,v3,6606
83,d,v1,2224
83,d,v5,14091
83,e,v5,1364
83,e,v1,11725
83,e,v4,7287
83,e,v6,3087
83,e,v3,7618
83,f,v4,3227
83,f,v5,6878
83,f,v6,7229
83,g,v3,1251
83,g,v4,3695
83,h,v4,8782
83,h,v5,4000
83,h,v6,6783
83,h,v3,10704
83,h,v1,6966
83,h,v7,10583
83,i,v4,8272
83,i,v1,6021
83,i,v6,13502
83,i,v5,10927
83,j,v2,1702
83,j,v3,8798
83,j,v1,14520
83,j,v6,7241
83,j,v4,11103
83,j,v5,10709
83,k,v1,3355
83,k,v5,10138
83,k,v3,5771
83,k,v6,11018
83,k,v4,12323
84,a,v1,6746
84,a,v3,9852
84,a,v6,3975
84,a,v4,2688
84,a,v5,13849
84,b,v6,724
84,b,v3,606
84,b,v1,9216
84,b,v5,7198
84,b,v4,10629
84,c,v1,12122
84,c,v3,7485
84,c,v4,9470
84,c,v5,262
84,c,v2,12870
84,c,v6,3851
84,d,v5,4999
84,d,v6,9378
84,d,v4,10026
84,d,v3,12914
84,e,v6,955
84,e,v5,479
84,e,v1,2102
84,e,v4,7714
84,e,v3,14552
84,f,v4,5052
84,f,v6,4655
84,f,v3,4697
84,f,v5,1618
84,g,v5,10275
84,g,v4,6004
84,g,v3,8617
84,g,v6,2290
84,h,v3,3411
84,h,v4,11923
84,h,v6,4299
84,h,v5,9596
84,h,v7,1172
84,h,v1,12898
84,i,v4,9897
84,i,v1,11683
84,i,v5,8127
84,j,v5,14991
84,j,v6,8526
84,j,v4,10312
84,j,v2,3897
84,j,v1,10909
84,j,v3,9930
84,k,v4,4262
84,k,v3,8186
84,k,v5,13637
84,k,v1,6171
84,k,v6,1610
85,a,v6,10265
85,a,v1,9569
85,a,v4,2941
85,a,v5,485
85,a,v3,5698
85,b,v3,6451
85,b,v1,7426
85,b,v4,1213
85,b,v5,4626
85,b,v6,10680
85,c,v2,5639
85,c,v6,1918
85,c,v4,7370
85,c,v1,10004
85,c,v3,12216
85,c,v5,10739
85,d,v5,35
85,d,v4,6996
85,d,v3,5509
85,d,v6,11874
85,e,v1,9283
85,e,v6,875
85,e,v4,2153
85,e,v5,6647
85,e,v3,8454
85,f,v6,2182
85,f,v5,12651
85,f,v4,1404
85,g,v4,12227
85,g,v6,4220
85,g,v5,8478
85,g,v3,3818
85,h,v6,3158
85,h,v1,8295
85,h,v4,14782
85,h,v3,13646
85,h,v5,11078
85,i,v4,5327
85,i,v3,7457
85,i,v6,14469
85,i,v5,2872
85,i,v1,3112
85,j,v3,14476
85,j,v4,1627
85,j,v5,2251
85,j,v1,7241
85,j,v2,771
85,j,v6,515
85,k,v3,4811
85,k,v5,310
85,k,v6,14446
85,k,v1,12922
85,k,v4,4131
86,a,v1,7592
86,a,v5,949
86,a,v3,4016
86,a,v4,2597
86,a,v6,11603
86,b,v3,12621
86,b,v5,58
86,b,v4,6176
86,b,v6,13433
86,b,v1,6047
86,c,v1,1236
86,c,v5,14714
86,c,v6,1174
86,c,v4,12605
86,c,v2,7708
86,c,v3,13292
86,d,v3,2755
86,d,v4,6905
86,d,v6,2210
86,d,v5,12033
86,e,v4,7348
86,e,v3,2369
86,e,v5,3859
86,e,v6,10509
86,e,v1,6213
86,f,v8,8490
86,f,v6,11524
86,f,v4,3679
86,f,v5,2553
86,g,v3,13062
86,g,v6,5200
86,g,v5,2083
86,g,v4,6429
86,h,v5,1049
86,h,v1,9435
86,h,v3,12005
86,h,v4,13750
86,i,v6,6005
86,i,v4,7853
86,i,v3,10348
86,i,v1,7229
86,i,v5,9505
86,j,v3,4125
86,j,v4,11448
86,j,v1,14953
86,j,v6,709
86,j,v5,149
86,j,v2,48
86,k,v6,13978
86,k,v1,6076
86,k,v7,5057
86,k,v4,6430
86,k,v3,5451
86,k,v5,979
87,a,v4,6013
87,a,v1,13296
87,a,v5,13631
87,a,v6,13520
87,a,v3,3786
87,b,v4,9186
87,b,v1,13384
87,b,v3,12145
87,b,v5,5005
87,b,v6,4123
87,c,v1,5954
87,c,v6,5236
87,c,v5,7057
87,c,v3,2696
87,c,v2,13352
87,c,v4,13574
87,d,v4,5364
87,d,v5,4664
87,d,v3,10836
87,e,v3,2081
87,e,v4,10341
87,e,v5,12664
87,e,v6,2884
87,f,v6,6696
87,f,v4,3583
87,g,v6,3358
87,g,v5,9621
87,g,v4,12250
87,g,v3,3855
87,h,v3,11193
87,h,v1,13750
87,h,v4,5508
87,h,v5,7866
87,i,v6,9250
87,i,v5,14660
87,i,v4,1025
87,i,v3,14809
87,i,v1,1979
87,j,v1,1621
87,j,v6,626
87,j,v2,3493
87,j,v5,2243
87,j,v4,7216
87,j,v3,14317
87,k,v1,7578
87,k,v6,6993
87,k,v4,2257
87,k,v5,13021
87,k,v3,4628
88,a,v3,5976
88,a,v4,8081
88,a,v6,5169
88,a,v5,4978
88,a,v1,13331
88,b,v5,12405
88,b,v1,9659
88,b,v3,10314
88,b,v6,12719
88,b,v4,10442
88,c,v5,5720
88,c,v6,12887
88,c,v2,5465
88,c,v4,13812
88,c,v3,9812
88,c,v1,3077
88,d,v4,2052
88,d,v3,12023
88,d,v6,4790
88,d,v5,8522
88,e,v4,1355
88,e,v5,13625
88,e,v6,4449
88,e,v1,2943
88,e,v3,4677
88,f,v4,7145
88,f,v6,10405
88,f,v5,3367
88,g,v4,6712
88,g,v3,13667
88,h,v3,13257
88,h,v1,3460
88,h,v4,14255
88,h,v5,802
88,h,v6,6239
88,i,v1,10025
88,i,v5,2138
88,i,v4,6194
88,i,v6,3516
88,j,v2,9705
88,j,v4,1126
88,j,v1,4313
88,j,v6,3994
88,j,v3,1850
88,j,v5,4520
88,k,v4,12051
88,k,v5,2023
88,k,v1,8070
88,k,v3,1616
88,k,v6,3866
89,a,v5,12296
89,a,v1,1192
89,a,v6,2408
89,a,v3,8289
89,a,v4,6478
89,b,v1,7288
89,b,v6,7970
89,b,v7,9209
89,b,v4,6646
89,b,v3,3421
89,b,v5,256
89,c,v1,2140
89,c,v4,10842
89,c,v5,9584
89,c,v6,8655
89,c,v3,5654
89,d,v6,602
89,d,v3,2877
89,d,v4,11822
89,e,v1,14411
89,e,v6,2162
89,e,v5,4879
89,e,v4,9946
89,f,v5,11461
89,f,v4,11591
89,f,v8,4514
89,f,v6,1690
89,g,v4,12465
89,g,v5,6438
89,g,v1,2587
89,g,v6,11136
89,h,v1,12202
89,h,v6,13624
89,h,v5,5283
89,h,v4,6593
89,h,v3,628
89,i,v5,3326
89,i,v6,9967
89,i,v4,1633
89,i,v3,9183
89,i,v1,4728
89,j,v6,11858
89,j,v2,6567
89,j,v1,4460
89,j,v3,3400
89,j,v5,9287
89,j,v4,7034
89,k,v5,14487
89,k,v3,13344
89,k,v1,14297
89,k,v6,4665
89,k,v4,9110
90,a,v1,1837
90,a,v3,5903
90,a,v6,4850
90,a,v5,11128
90,a,v4,10126
90,b,v6,9008
90,b,v5,9847
90,b,v4,12114
90,b,v3,6558
90,c,v3,1525
90,c,v5,5865
90,c,v6,13481
90,c,v1,2208
90,c,v4,10833
90,d,v4,3963
90,d,v5,13249
90,d,v6,1002
90,e,v5,8888
90,e,v6,13672
90,e,v3,6667
90,e,v1,5266
90,e,v4,2297
90,f,v6,1800
90,f,v4,4623
90,f,v5,773
90,g,v3,12135
90,g,v9,4968
90,g,v5,6425
90,g,v4,8247
90,h,v7,2342
90,h,v4,10953
90,h,v6,13931
90,h,v3,8067
90,h,v5,2841
90,h,v1,1368
90,i,v5,8276
90,i,v6,10097
90,i,v4,11397
90,i,v1,3959
90,j,v3,10849
90,j,v5,5756
90,j,v1,453
90,j,v4,14142
90,j,v2,12999
90,j,v6,6779
90,k,v3,13906
90,k,v4,10929
90,k,v9,1603
90,k,v1,12918
90,k,v5,5192
90,k,v6,8358
91,a,v6,7460
91,a,v1,10904
91,a,v4,11775
91,a,v5,13944
91,a,v3,99
91,b,v3,9449
91,b,v7,1353
91,b,v5,9827
91,b,v1,8029
91,b,v6,7546
91,b,v4,293
91,c,v5,7346
91,c,v2,414
91,c,v1,3071
91,c,v6,5826
91,c,v3,4126
91,c,v4,6978
91,d,v4,9194
91,d,v6,11931
91,d,v3,3743
91,d,v5,2348
91,e,v3,5383
91,e,v4,8791
91,e,v5,5402
91,e,v6,3787
91,e,v1,3266
91,f,v6,2260
91,f,v4,8900
91,g,v6,12300
91,g,v3,9267
91,g,v1,12084
91,g,v4,4711
91,g,v5,14736
91,h,v5,2773
91,h,v1,8428
91,h,v3,6884
91,h,v4,6612
91,h,v6,2923
91,i,v3,9707
91,i,v4,10119
91,i,v1,5141
91,i,v6,7162
91,i,v5,1933
91,j,v2,6779
91,j,v4,3072
91,j,v3,14238
91,j,v1,658
91,j,v6,3065
91,j,v5,4779
91,k,v3,14956
91,k,v4,155
91,k,v5,1195
91,k,v6,14349
91,k,v9,5464
91,k,v7,3710
91,k,v1,6437
92,a,v1,6503
92,a,v6,7576
92,a,v4,10181
92,a,v5,7014
92,a,v3,4507
92,b,v3,12755
92,b,v6,10177
92,b,v1,2149
92,b,v4,10100
92,b,v5,12597
92,b,v7,12613
92,c,v6,2524
92,c,v2,5046
92,c,v5,14959
92,c,v1,5645
92,c,v4,2489
92,c,v3,5250
92,d,v5,3844
92,d,v1,11267
92,d,v6,7932
92,d,v4,6780
92,d,v3,5288
92,e,v6,2231
92,e,v4,4698
92,e,v5,9511
92,e,v1,2335
92,f,v4,14546
92,f,v6,11910
92,g,v6,9464
92,g,v4,13011
92,g,v5,14948
92,g,v1,1619
92,g,v3,381
92,h,v1,8449
92,h,v3,9696
92,h,v4,6713
92,h,v5,7339
92,h,v6,12080
92,i,v1,6633
92,i,v6,13850
92,i,v4,7275
92,i,v7,1809
92,i,v5,1074
92,j,v1,10754
92,j,v6,645
92,j,v3,8258
92,j,v5,2257
92,j,v4,1921
92,j,v2,3328
92,k,v4,14283
92,k,v3,2625
92,k,v1,5446
92,k,v5,834
92,k,v9,11345
92,k,v6,3932
93,a,v3,13612
93,a,v1,5934
93,a,v5,1104
93,a,v6,657
93,a,v4,10710
93,b,v5,1572
93,b,v1,318
93,b,v6,4918
93,b,v4,12652
93,b,v3,6042
93,c,v5,10616
93,c,v1,2782
93,c,v3,301
93,c,v4,1568
93,c,v6,14344
93,c,v2,3338
93,d,v3,3713
93,d,v4,314
93,e,v1,13816
93,e,v5,5644
93,e,v4,14338
93,e,v3,10711
93,e,v6,2985
93,f,v5,570
93,f,v4,356
93,f,v6,11949
93,g,v3,343
93,g,v5,13123
93,g,v4,11893
93,g,v6,1576
93,h,v6,414
93,h,v5,10268
93,h,v1,7405
93,h,v4,14637
93,h,v3,6784
93,i,v4,5606
93,i,v5,438
93,i,v6,14491
93,i,v1,8617
93,j,v4,9760
93,j,v3,2358
93,j,v2,6602
93,j,v6,10444
93,j,v1,8025
93,j,v5,5724
93,k,v1,5093
93,k,v3,8652
93,k,v7,1088
93,k,v6,7183
93,k,v5,13617
93,k,v4,4331
94,a,v4,10088
94,a,v6,868
94,a,v3,10705
94,a,v5,1426
94,b,v6,7097
94,b,v5,4603
94,b,v3,4434
94,b,v4,9215
94,c,v4,587
94,c,v5,12492
94,c,v1,13795
94,c,v2,13596
94,c,v6,5167
94,c,v3,9086
94,d,v5,14016
94,d,v6,9703
94,d,v4,357
94,e,v4,9663
94,e,v3,8163
94,e,v1,12726
94,e,v6,6440
94,f,v6,3289
94,f,v4,3975
94,f,v5,10053
94,g,v3,11807
94,g,v6,4212
94,g,v4,5444
94,g,v5,8496
94,h,v6,381
94,h,v1,2631
94,h,v3,10429
94,h,v4,992
94,h,v5,14055
94,i,v4,6577
94,i,v5,1360
94,i,v1,12283
94,j,v6,2003
94,j,v5,9746
94,j,v4,9228
94,j,v2,7526
94,j,v3,3266
94,j,v1,13926
94,k,v1,11872
94,k,v5,12819
94,k,v6,8243
94,k,v3,7455
94,k,v4,3887
95,a,v4,13966
95,a,v6,9510
95,a,v5,5654
95,a,v3,5096
95,a,v1,2562
95,b,v5,2207
95,b,v3,5399
95,b,v6,13195
95,b,v4,4688
95,c,v2,14492
95,c,v5,1208
95,c,v4,8242
95,c,v3,2534
95,c,v1,236
95,c,v6,4678
95,d,v3,3216
95,d,v4,13500
95,d,v1,14374
95,d,v6,818
95,d,v5,6891
95,e,v4,10514
95,e,v6,9283
95,e,v1,10075
95,e,v5,5807
95,f,v4,3324
95,f,v6,2346
95,f,v5,14434
95,g,v4,8833
95,g,v5,1093
95,g,v3,3869
95,h,v4,1370
95,h,v1,14422
95,h,v3,5957
95,h,v5,1444
95,i,v5,7628
95,i,v1,3395
95,i,v4,4299
95,j,v2,12922
95,j,v4,2706
95,j,v1,11664
95,j,v6,11526
95,j,v3,7537
95,j,v5,10122
95,k,v4,14195
95,k,v6,6364
95,k,v5,10742
95,k,v1,9968
95,k,v3,13542
95,k,v2,7735
96,a,v1,14672
96,a,v4,413
96,a,v3,11417
96,a,v5,1586
96,a,v6,14323
96,a,v7,1937
96,b,v5,11246
96,b,v4,11767
96,b,v6,12560
96,b,v3,12782
96,c,v6,2228
96,c,v4,7488
96,c,v3,2379
96,c,v5,13303
96,c,v1,13335
96,d,v3,1431
96,d,v6,9025
96,d,v4,3633
96,d,v5,5881
96,e,v6,7035
96,e,v5,14646
96,e,v1,14218
96,e,v4,8359
96,f,v4,7092
96,f,v6,1129
96,g,v1,4204
96,g,v3,18
96,g,v4,3319
96,g,v5,11889
96,h,v4,11602
96,h,v3,859
96,h,v6,13801
96,h,v5,524
96,h,v1,420
96,i,v6,8140
96,i,v1,2719
96,i,v5,4976
96,i,v4,4342
96,j,v1,482
96,j,v4,8363
96,j,v5,14243
96,j,v6,2090
96,j,v2,14360
96,j,v3,4150
96,k,v1,11664
96,k,v3,9077
96,k,v6,10774
96,k,v4,124
96,k,v9,1072
96,k,v5,13648
97,a,v3,8338
97,a,v4,5489
97,a,v1,4113
97,a,v6,1680
97,a,v5,14882
97,a,v2,13377
97,b,v4,9569
97,b,v3,3897
97,b,v5,1790
97,b,v6,13299
97,c,v1,12825
97,c,v5,4462
97,c,v4,1643
97,c,v6,10353
97,c,v3,11578
97,d,v3,8103
97,d,v4,3301
97,d,v6,5808
97,d,v5,6290
97,e,v1,5646
97,e,v6,8131
97,e,v3,3178
97,e,v4,4796
97,e,v5,8276
97,f,v4,8498
97,f,v5,9767
97,f,v6,4880
97,f,v8,5957
97,g,v5,5541
97,g,v6,3824
97,g,v4,3730
97,g,v3,6617
97,h,v5,10122
97,h,v3,2319
97,h,v4,8813
97,h,v6,9411
97,h,v1,3500
97,i,v6,11275
97,i,v7,11865
97,i,v4,6451
97,i,v5,9801
97,i,v1,14067
97,j,v3,9540
97,j,v6,1350
97,j,v2,7583
97,j,v1,833
97,j,v4,2684
97,j,v5,3659
97,k,v4,656
97,k,v6,10214
97,k,v5,2875
97,k,v1,13608
97,k,v3,2189
98,a,v1,5878
98,a,v5,3014
98,a,v2,2197
98,a,v3,8142
98,a,v6,14258
98,a,v4,2300
98,b,v5,3109
98,b,v3,13325
98,b,v1,14166
98,b,v4,6604
98,b,v6,114
98,c,v3,7493
98,c,v4,5307
98,c,v5,14373
98,c,v1,2566
98,c,v6,12720
98,d,v6,9575
98,d,v4,11379
98,d,v5,3699
98,d,v3,14310
98,e,v4,6943
98,e,v6,5542
98,e,v1,9111
98,e,v3,14792
98,e,v5,2175
98,f,v4,5562
98,f,v6,7578
98,g,v5,791
98,g,v1,3717
98,g,v4,1217
98,g,v6,3600
98,h,v1,1061
98,h,v6,14035
98,h,v5,14779
98,h,v3,13920
98,h,v4,3964
98,h,v7,6773
98,i,v1,9612
98,i,v5,10499
98,i,v6,281
98,i,v4,7651
98,j,v1,11228
98,j,v3,12106
98,j,v5,5886
98,j,v6,13098
98,j,v4,11355
98,j,v2,13550
98,k,v5,4684
98,k,v1,12279
98,k,v6,4485
98,k,v7,8468
98,k,v4,10454
98,k,v3,12124
99,a,v6,13457
99,a,v1,8778
99,a,v5,12486
99,a,v4,9177
99,a,v3,11737
99,b,v4,5
99,b,v7,1951
99,b,v3,7803
99,b,v9,2147
99,b,v6,5613
99,b,v5,4293
99,c,v3,11557
99,c,v5,11594
99,c,v1,9432
99,c,v6,12579
99,c,v4,8033
99,d,v1,5746
99,d,v3,11186
99,d,v4,13307
99,d,v5,1976
99,e,v4,9342
99,e,v6,5562
99,e,v3,13674
99,e,v1,11384
99,e,v5,6250
99,f,v5,8072
99,f,v4,1546
99,g,v4,1051
99,g,v5,2550
99,g,v3,5699
99,g,v1,5435
99,g,v9,13141
99,h,v5,8949
99,h,v7,13802
99,h,v1,14560
99,h,v3,3630
99,h,v6,7929
99,h,v4,13213
99,i,v4,12746
99,i,v5,9441
99,i,v6,5933
99,i,v1,7481
99,j,v2,13702
99,j,v4,9588
99,j,v3,11304
99,j,v6,14075
99,j,v5,5300
99,j,v1,13023
99,k,v6,7346
99,k,v1,6928
99,k,v2,4461
99,k,v5,2835
99,k,v4,7835
99,k,v3,2058
100,a,v1,3722
100,a,v5,1532
100,a,v6,14448
100,a,v3,5772
100,a,v4,14187
100,b,v3,2867
100,b,v6,8252
100,b,v5,11000
100,b,v4,2945
100,b,v1,3137
100,c,v4,12227
100,c,v5,13331
100,c,v6,7926
100,c,v1,7446
100,c,v3,1442
100,d,v1,7885
100,d,v4,14441
100,d,v3,11679
100,d,v5,14690
100,d,v6,4211
100,e,v3,12108
100,e,v4,11704
100,e,v5,5449
100,e,v6,5482
100,e,v1,4828
100,f,v6,11378
100,f,v4,10811
100,f,v5,6953
100,g,v4,1975
100,g,v3,12999
100,g,v5,4842
100,h,v5,14805
100,h,v3,2919
100,h,v6,3861
100,h,v1,7264
100,h,v4,3623
100,i,v4,2758
100,i,v1,6867
100,i,v6,58
100,i,v5,14845
100,j,v6,331
100,j,v3,6398
100,j,v5,13002
100,j,v2,9617
100,j,v1,7315
100,j,v4,13263
100,k,v1,14218
100,k,v4,8518
100,k,v3,12142
100,k,v5,3569
